Unnamed: 0,title,artist,top_genre,year,added,bpm,nrgy,dB,live,val,dur,acous,spch,pop
0,YUM YUM - Slowed,LXNGVX,funk carioca,2023,2024‑02‑02,109,79,-2,13,19,154,26,12,74
1,YUM YUM - Sped Up,LXNGVX,funk carioca,2023,2024‑02‑02,164,95,-1,22,49,103,22,39,66
2,DRONE,Fighter Masr,,2023,2024‑02‑02,90,60,-7,9,32,173,7,13,23
3,Machkalni Hobak,Dareen,egyptian hip hop,2023,2024‑02‑02,90,39,-12,33,55,160,34,38,22
4,Catalina,Perrie,egyptian hip hop,2023,2024‑02‑02,97,64,-9,21,13,135,71,6,22
5,Awel Nazra,Abuhagarjr,,2023,2024‑02‑02,105,51,-10,11,28,220,39,17,22
6,Meen (feat. Rafiek),Moscow,egyptian hip hop,2024,2024‑02‑02,162,53,-11,35,30,166,15,11,0
7,Lessa,Papa Guede,,2023,2024‑02‑02,135,24,-14,31,6,213,79,4,17
8,System,TIBA,,2023,2024‑02‑02,140,66,-8,9,38,196,35,19,17
9,De Bruyne,Dzel Uzi,egyptian hip hop,2023,2024‑02‑02,105,55,-8,6,89,149,25,38,38
10,Haaland,Dzel Uzi,egyptian hip hop,2023,2024‑02‑02,140,91,-3,7,67,232,20,30,35
11,Hatege Alia Sana,Dzel Uzi,egyptian hip hop,2024,2024‑02‑02,100,64,-6,11,62,154,56,27,0
12,Batal El Mashhad,Moxxd,,2023,2024‑02‑02,120,45,-7,23,27,184,32,7,26
13,Star W Mayhemosh (Freedom Music),Afroto,egyptian hip hop,2023,2024‑02‑02,75,61,-5,57,32,181,12,31,33
14,Howa Enta Ahbal?,Abo El Anwar,egyptian hip hop,2024,2024‑02‑02,103,70,-5,9,97,149,61,34,44
15,SARINA,AbdulAal,,2023,2024‑02‑02,115,65,-6,13,46,205,7,3,19
16,EL RAYES,Begad,egyptian viral pop,2023,2024‑02‑02,119,56,-7,12,60,144,7,22,33
17,CRISTIANO,Begad,egyptian viral pop,2023,2024‑02‑02,100,62,-7,10,70,146,55,29,33
18,Ghanima,Fighter Masr,,2023,2024‑02‑02,100,75,-8,14,23,154,51,6,20
19,MSH HANAM,$AVAGE,,2024,2024‑02‑02,123,70,-5,8,7,184,16,3,30
20,Toosie,Uglymoss,,2023,2024‑02‑02,120,81,-7,23,71,164,35,8,20
21,Ta2reban,Lege-Cy,egyptian hip hop,2023,2024‑02‑02,95,85,-4,20,79,209,53,17,46
22,Escobar,L5VAV,egyptian hip hop,2023,2024‑02‑02,111,65,-9,23,37,186,44,23,42
23,Enty Fein,Sine,,2023,2024‑02‑02,100,47,-8,8,53,149,45,4,22
24,Ana We Akhoya,L5VAV,egyptian hip hop,2023,2024‑02‑02,95,57,-8,9,22,161,66,5,28
25,FOR2O3 LOOZ,Shahyn,egyptian hip hop,2023,2024‑02‑02,103,65,-11,15,93,154,5,17,41
26,اوتوماتيك,Xiety,egyptian hip hop,2023,2024‑02‑02,134,63,-9,13,48,148,5,18,20
27,mesh 3aref a3mel eh,Mosalem,egyptian trap,2024,2024‑02‑02,98,42,-5,18,9,126,19,4,35
28,EL SARA7A,Uglymoss,,2023,2024‑02‑02,144,92,-5,8,58,143,36,12,36
29,Lang,Arsenik,egyptian hip hop,2024,2024‑02‑02,147,64,-5,12,77,146,41,31,45
30,kawabes,Dareen,egyptian hip hop,2023,2024‑02‑02,145,49,-10,23,9,163,6,6,34
31,Zero F,Lege-Cy,egyptian hip hop,2024,2024‑02‑02,130,80,-3,11,66,200,44,30,45
32,Fe Albk Eh,Moxxd,,2023,2024‑02‑02,95,57,-12,11,65,204,47,5,17
33,Kda Msh Bees,Mared,,2023,2024‑02‑02,120,92,-7,30,93,156,32,8,27
34,DDDD,Marwan Pablo,egyptian hip hop,2023,2024‑02‑02,145,64,-8,11,7,136,12,6,57
35,Gen,Salah Tayr,egyptian viral pop,2023,2024‑02‑02,110,69,-8,25,45,158,16,4,46
36,عكسهم,Almas,egyptian trap,2023,2024‑02‑02,134,83,-4,13,28,199,4,4,33
37,El Hal,Mazyn,,2023,2024‑02‑02,93,79,-5,18,79,148,6,24,22
38,ZEKRAYAT,HADY MOAMER,,2023,2024‑02‑02,167,75,-10,28,74,163,9,8,24
39,3al Hady,Wezza,egyptian hip hop,2023,2024‑02‑02,135,70,-10,32,90,131,15,11,17
40,صح صح للكلام,E Evil,egyptian trap,2023,2024‑02‑02,105,66,-7,12,75,190,45,5,29
41,ESCOBAR 3,Azmann,,2023,2024‑02‑02,97,58,-8,20,25,170,17,38,24
42,MANSEETESH (feat. El Shiekh Ahmed Bren),HADY MOAMER,,2023,2024‑02‑02,137,85,-9,8,95,140,7,9,23
43,MASLA7TY,Nada Nader,,2024,2024‑02‑02,153,41,-11,10,86,119,14,16,24
44,FOKAK MENI,Lella Fadda,egyptian alternative,2024,2024‑02‑02,154,34,-17,18,32,113,41,74,40
45,YAL BENT YAL AMWAL,Khaled Rossia,egyptian viral pop,2023,2024‑02‑02,105,71,-8,26,26,186,57,16,34
46,M3 3DM E7TRAMY,Turk,egyptian trap,2024,2024‑02‑02,140,66,-7,7,59,153,51,36,0
47,KAMASHA - كماشه (feat. Wezza Montaser),Mahdy Madness,egyptian trap,2023,2024‑02‑02,105,64,-8,12,35,202,9,16,43
48,LOCATION,TUL8TE,,2023,2024‑02‑02,152,94,-4,33,69,150,17,13,28
49,ماشاء الله,E Evil,egyptian trap,2023,2024‑02‑02,146,59,-9,12,21,171,59,24,31
50,MAGANEEN,Mosalem,egyptian trap,2023,2024‑02‑02,88,41,-10,11,28,240,25,40,28
51,Mazboot,Badran,,2023,2024‑02‑02,113,46,-11,10,4,144,25,19,20
52,ضربه ب ضربه,Ahmed Moza,mahraganat,2020,2024‑02‑02,100,81,-3,12,78,190,27,7,52
53,Wahy Zekrayat,Amr Diab,arab pop,2013,2024‑02‑02,154,49,-10,11,24,199,60,4,60
54,لما بيوحشني,Ramy Sabry,arab pop,2023,2024‑02‑02,164,59,-9,7,46,272,25,4,62
55,بتفتكرني ساعات,Ramy Sabry,arab pop,2023,2024‑02‑02,124,69,-8,6,34,218,19,3,56
56,مش شايفك,3enba,mahraganat,2022,2024‑02‑02,100,86,-3,6,85,142,4,6,58
57,MESAMA3EEN,FL EX,egyptian trap,2022,2024‑02‑02,141,71,-9,26,67,180,48,21,59
58,مجرم غصب عني يا قاضي,Essam Sasa,egyptian pop,2021,2024‑02‑02,107,85,-2,49,82,271,45,11,39
59,نص سيطو مني ( احنا صحاب بلادنا ),Essam Sasa,egyptian pop,2023,2024‑02‑02,107,77,-3,28,65,185,37,6,64
60,المولد يرجع الفرحة ترجع,3enba,mahraganat,2021,2024‑02‑02,105,65,-4,13,70,96,32,13,51
61,انا متلف رسمي مجنن خصمي,مجدي الزهار,egyptian viral pop,2023,2024‑02‑02,110,93,-3,85,93,234,38,8,47
62,Law Bas Nergaa (New Version ),Muslim - مُسلِم,egyptian alternative,2022,2024‑02‑02,95,53,-10,7,42,167,72,32,58
63,انا الاسد سايق عريني,Hamada El Asmar,egyptian pop,2023,2024‑02‑02,106,89,-3,8,76,256,19,30,58
64,Ya Malak,Muslim - مُسلِم,egyptian alternative,2018,2024‑02‑02,88,34,-10,18,36,110,81,4,47
65,HOSS,Husayn,egyptian hip hop,2023,2024‑02‑02,160,51,-11,10,44,120,10,42,55
66,واحدة واحدة,Mohamed Hamaki,arab pop,2006,2024‑02‑02,132,72,-13,6,97,179,40,4,60
67,عره فافي عامل مغامر - بت انتي حب حياتي,Essam Sasa,egyptian pop,2022,2024‑02‑02,186,90,-3,37,74,217,44,16,61
68,صحي كوكب الارض بطلقه,Hamo Bika,egyptian pop,2023,2024‑02‑02,104,88,-2,30,35,212,20,13,49
69,Dawla,3enba,mahraganat,2021,2024‑02‑02,105,83,-3,12,63,176,5,6,49
70,ظروف معنداني,Wael Jassar,arab pop,2015,2024‑02‑02,128,69,-7,18,49,246,4,4,64
71,Rased El Satr,Mohamed Chahine,egyptian pop,2022,2024‑02‑02,101,76,-5,22,27,158,31,20,58
72,ضحكتها يالهوى ربابه,Essam Sasa,egyptian pop,2022,2024‑02‑02,105,83,-3,28,92,256,22,10,41
73,واحشني نفسي - تتر بدايه مسلسل جعفر العمده,Ahmed Saad,arab pop,2023,2024‑02‑02,136,57,-12,14,58,231,49,5,59
74,Hara El Saqueen,Mohamed Mounir,arab pop,2012,2024‑02‑02,152,67,-6,10,78,236,17,3,54
75,جروب الاندال,Hoda Bondok,mahraganat,2020,2024‑02‑02,110,78,-7,14,68,161,25,7,45
76,كنت فاكرك حد مني,Felo,mahraganat,2021,2024‑02‑02,113,81,-2,11,86,238,12,5,43
77,اصابني وجع داخل قلبي,7l2olo,mahraganat,2022,2024‑02‑02,100,76,-1,15,58,197,21,7,44
78,دوست علي زرار الحرب,Karim Cristiano,mahraganat,2023,2024‑02‑02,200,94,-2,37,74,182,23,22,48
79,قلبي شرس وبطاقتي كسرها (انا خاطف قلب حبيبتك),7l2olo,mahraganat,2023,2024‑02‑02,109,88,-1,11,90,209,19,11,36
80,شارع الحياه مش هو هو - كنت اسد بس الحسد,Karim Cristiano,mahraganat,2023,2024‑02‑02,107,95,-2,43,87,297,13,12,60
81,وسط دموع وجراح,Essam Sasa,egyptian pop,2021,2024‑02‑02,110,78,-3,53,81,264,50,8,60
82,لِلّي,Mohamed Mounir,arab pop,2022,2024‑02‑02,92,82,-5,43,86,163,10,7,63
83,Mesh Nadman,Muslim - مُسلِم,egyptian alternative,2021,2024‑02‑02,89,33,-11,8,32,176,77,7,65
84,سيبك من اللي خلع - من فيلم حمص وحلاوة,Mahmoud El Leithy,arab pop,2023,2024‑02‑02,110,92,-2,27,77,172,12,4,68
85,لحظة بعادك,Ramy Gamal,arab pop,2023,2024‑02‑02,116,63,-8,23,66,221,59,5,59
86,دنيا معفره,Essam Sasa,egyptian pop,2021,2024‑02‑02,107,90,0,34,70,233,42,4,52
87,On Fire,3enba,mahraganat,2022,2024‑02‑02,99,81,-2,4,70,158,19,29,60
88,اللي نفسه فيا بيتي ميتوهش,Eslam Kabonga,mahraganat,2023,2024‑02‑02,108,84,-6,36,95,385,36,11,66
89,Ya So7ba Wara Elsetara,Felo,mahraganat,2020,2024‑02‑02,110,87,0,6,78,175,10,16,37
90,جاين نتعارك ونجرح,Essam Sasa,egyptian pop,2021,2024‑02‑02,100,93,-2,14,71,247,52,10,44
91,Konty 2olely,Mohammed Saeed,egyptian alternative,2021,2024‑02‑02,140,24,-15,12,37,170,94,15,60
92,مبقتش حبيبك يا حبيبتي,Essam Sasa,egyptian pop,2021,2024‑02‑02,100,69,-4,20,81,202,54,6,41
93,لفينا الدنيا,Reda El Bahrawy,shaabi,2023,2024‑02‑02,105,71,-5,25,54,201,2,4,64
94,قلبي في خطر 2 - الليل يفوت مع موزه موت,Essam Sasa,egyptian pop,2022,2024‑02‑02,109,80,-4,35,74,260,35,15,41
95,كل ماجي احب غيرك,Nokia El Madfa3,egyptian viral pop,2022,2024‑02‑02,102,87,-2,35,74,199,28,24,34
96,Belyatsho Al Masrah,Ahmed Nafea,mahraganat,2022,2024‑02‑02,110,74,-2,34,92,215,9,16,39
97,شوفت يا صحبي انا باعني صحبي,Kimo El Deeb,egyptian viral pop,2023,2024‑02‑02,105,83,-2,33,76,215,18,12,53
98,ويلكم بالواطين,Kimo El Deeb,egyptian viral pop,2022,2024‑02‑02,107,71,-3,26,78,222,64,5,32
99,انت عمال بتحلم بالفور يو,Kimo Eldeeb,egyptian viral pop,2021,2024‑02‑02,111,89,-3,33,91,216,39,5,45
100,مسا مني ليكوا,Essam Sasa,egyptian pop,2023,2024‑02‑02,107,70,-4,41,83,220,56,5,63
101,يا قلبي لا محبتكش ( لماذا قلبي نبضو قل ),Kimo Eldeeb,egyptian viral pop,2023,2024‑02‑02,95,81,-2,46,51,205,54,5,64
102,يمكن خير,Ramy Sabry,arab pop,2023,2024‑02‑02,105,69,-7,14,88,216,24,3,66
103,هيجيلي موجوع,Tamer Ashour,arab pop,2024,2024‑02‑02,168,68,-7,10,74,211,49,6,69
104,Hayaty Msh Tamam,Ramy Sabry,arab pop,2020,2024‑02‑02,100,66,-6,17,72,195,30,3,59
105,علي باب السيما - من مسلسل ريفو,ريفو شو,egyptian pop,2022,2024‑02‑02,108,27,-16,7,52,151,50,3,62
106,Tayer,Amir Eid,egyptian alternative,2023,2024‑02‑02,140,35,-13,9,26,175,56,5,56
107,Amira,Wegz,egyptian hip hop,2022,2024‑02‑02,118,59,-7,7,63,269,12,4,61
108,Wahda Fada'ya,Galaleo,egyptian alternative,2022,2024‑02‑02,120,53,-8,9,92,179,10,4,44
109,3abali,Ghaliaa,arab alternative,2019,2024‑02‑02,174,45,-8,23,27,201,65,6,58
110,Raye2,Hamza Namira,arab pop,2023,2024‑02‑02,103,67,-9,16,89,228,24,6,50
111,Akeed Rag3een,Hamza Namira,arab pop,2023,2024‑02‑02,137,39,-10,11,39,148,50,6,47
112,اجانص,Shehab,egyptian hip hop,2020,2024‑02‑02,145,49,-10,10,73,205,78,3,53
113,Khalik Wara El Forsa,Amir Eid,egyptian alternative,2023,2024‑02‑02,88,56,-11,28,53,86,29,19,49
114,Lw,Samar Tarik,egyptian pop,2023,2024‑02‑02,164,26,-12,8,24,202,87,10,57
115,Hadalaany - From Bhabak Movie,Tamer Hosny,arab pop,2023,2024‑02‑02,92,76,-4,40,47,206,10,9,56
116,"Wenta Be3eed - From ""Bhabak"" Movie",Tamer Hosny,arab pop,2023,2024‑02‑02,126,49,-8,17,32,226,32,3,59
117,Ountha,Bigsam,middle east hip hop,2023,2024‑02‑02,172,47,-10,11,44,208,30,9,53
118,Ya Kahera,Muhab,egyptian trap,2023,2024‑02‑02,93,58,-9,17,75,170,16,11,52
119,Kan Endena Tahoun Sahar El Laialy,Fairuz,arab pop,1974,2024‑02‑02,71,64,-13,96,53,170,84,21,55
120,Lessa Bahinlha,Ramy Essam,arab alternative,2021,2024‑02‑02,93,31,-12,11,33,207,54,8,54
121,Tegy Ntrahn,Tamer Ashour,arab pop,2022,2024‑02‑02,90,62,-8,8,58,241,52,9,62
122,Kan Mawdo3,Tamer Ashour,arab pop,2022,2024‑02‑02,140,64,-5,11,30,282,40,5,62
123,المراية,Sherine,arab pop,2019,2024‑02‑02,108,33,-8,10,35,174,86,3,61
124,Wahshteeny,Amir Eid,egyptian alternative,2023,2024‑02‑02,124,55,-9,7,88,148,31,6,60
125,Bektoub Ismak Ya Habibi,Fairuz,arab pop,1964,2024‑02‑02,85,17,-12,9,57,279,97,4,54
126,Matafetch,Marwan Pablo,egyptian hip hop,2023,2024‑02‑02,160,69,-7,11,27,156,13,3,65
127,El Mabda2,Marwan Pablo,egyptian hip hop,2023,2024‑02‑02,112,61,-6,12,36,159,38,6,66
128,Etnaset,Muslim - مُسلِم,egyptian alternative,2021,2024‑02‑02,148,50,-8,11,27,196,80,7,63
129,Alo Aleky,Mohammed Saeed,egyptian alternative,2022,2024‑02‑02,166,41,-8,10,51,179,92,18,66
130,زي شمس و قمر,Amir Eid,egyptian alternative,2019,2024‑02‑02,116,40,-10,29,44,109,45,6,45
131,يوم جديد,Amir Eid,egyptian alternative,2019,2024‑02‑02,162,20,-13,13,72,50,57,3,48
132,سنين,Amir Eid,egyptian alternative,2019,2024‑02‑02,110,35,-10,17,25,81,61,3,39
133,عندي فكرة,Amir Eid,egyptian alternative,2019,2024‑02‑02,108,29,-10,12,43,95,11,3,37
134,Amrikkka,Shabjdeed,middle east hip hop,2020,2024‑02‑02,140,79,-7,14,55,206,77,15,57
135,James Dean,Cairokee,arab alternative,2022,2024‑02‑02,114,67,-7,19,54,245,12,3,55
136,Tarantino,Cairokee,arab alternative,2022,2024‑02‑02,142,56,-7,5,57,182,18,8,52
137,Nefsy Ahbek,Cairokee,arab alternative,2022,2024‑02‑02,184,31,-12,24,59,258,70,3,59
138,Basrah w Atooh,Cairokee,arab alternative,2022,2024‑02‑02,104,51,-9,24,55,238,37,12,64
139,Ana Negm,Cairokee,arab alternative,2022,2024‑02‑02,92,49,-10,13,26,242,77,4,62
140,Johnny Cash,Cairokee,arab alternative,2022,2024‑02‑02,100,48,-9,18,55,167,82,6,50
141,Samurai,Cairokee,arab alternative,2022,2024‑02‑02,112,70,-7,7,58,177,42,4,59
142,السكة شمال - كايروكي من الاستوديو,Cairokee,arab alternative,2020,2024‑02‑02,90,42,-10,24,46,133,23,3,37
143,ليلى - كايروكي من الاستوديو,Cairokee,arab alternative,2020,2024‑02‑02,100,39,-13,7,33,212,68,4,59
144,Mentalité,Baby Gang,trap italiana,2022,2024‑02‑02,129,52,-8,11,57,217,70,36,75
145,Gangsta's Paradise,Coolio,g funk,1995,2024‑02‑02,80,51,-10,40,39,241,7,6,88
146,Lay Low,Tiësto,big room,2023,2024‑02‑02,122,86,-5,35,42,153,6,18,82
147,Ni**as In Paris,JAY-Z,east coast hip hop,2011,2024‑02‑02,140,86,-6,35,78,219,13,31,86
148,UK Rap,Dave,uk hip hop,2023,2024‑02‑02,140,68,-5,11,70,198,34,37,77
149,Panda,Desiigner,pop rap,2016,2024‑02‑02,145,77,-5,37,24,247,3,45,72
150,HOTEL LOBBY (Unc & Phew),Quavo,atl hip hop,2022,2024‑02‑02,128,64,-4,23,16,143,14,17,73
151,Rush,Ayra Starr,afrobeats,2022,2024‑02‑02,100,50,-8,10,38,185,4,6,78
152,FE!N (feat. Playboi Carti),Travis Scott,hip hop,2023,2024‑02‑02,148,88,-3,14,20,192,3,6,92
153,SAY MY GRACE (feat. Travis Scott),Offset,atl hip hop,2023,2024‑02‑02,122,64,-5,13,48,173,6,5,83
154,PARK CHINOIS,K-Trap,uk drill,2023,2024‑02‑02,144,86,-5,14,75,202,31,29,67
155,MILANO,BIA,rap latina,2023,2024‑02‑02,144,43,-13,36,49,195,7,28,73
156,Just Wanna Rock,Lil Uzi Vert,hip hop,2022,2024‑02‑02,150,55,-8,6,4,124,7,3,81
157,MONTAGEM - PR FUNK,S3BZS,funk carioca,2023,2024‑02‑02,130,80,-3,9,80,62,73,5,86
158,Pressure,Rushy,,2023,2024‑02‑02,140,72,-7,19,49,165,4,28,73
159,Mocro Mafia (feat. Maes),Baby Gang,trap italiana,2023,2024‑02‑02,100,75,-4,9,56,194,17,22,69
160,6 Foot 7 Foot,Lil Wayne,hip hop,2011,2024‑02‑02,79,75,-5,32,60,249,0,30,66
161,Calm Down (with Selena Gomez),Rema,afrobeats,2022,2024‑02‑02,107,81,-5,11,80,239,38,4,90
162,Everybody (feat. Lil Uzi Vert),Nicki Minaj,hip pop,2023,2024‑02‑02,138,77,-6,23,39,181,3,26,88
163,Till I Collapse,Eminem,detroit hip hop,2002,2024‑02‑02,171,85,-3,8,10,298,6,19,88
164,Unstoppable,Sia,australian dance,2016,2024‑02‑02,174,78,-5,10,26,218,11,8,83
165,Deli,Ice Spice,bronx drill,2023,2024‑02‑02,140,76,-6,13,27,127,12,20,84
166,Lose Yourself,Eminem,detroit hip hop,2014,2024‑02‑02,171,74,-5,37,6,321,1,27,76
167,Praise The Lord (Da Shine) (feat. Skepta),A$AP Rocky,east coast hip hop,2018,2024‑02‑02,80,57,-8,10,29,205,6,11,84
168,Ambition For Cash,Key Glock,memphis hip hop,2021,2024‑02‑02,149,73,-5,14,58,143,1,19,68
169,Pelele,Morad,drill espanol,2021,2024‑02‑02,145,70,-6,8,83,217,22,16,72
170,BILLIE EILISH.,Armani White,indie hip hop,2022,2024‑02‑02,100,51,-7,9,77,99,12,26,74
171,HUMBLE.,Kendrick Lamar,conscious hip hop,2017,2024‑02‑02,150,62,-7,10,42,177,0,10,87
172,The Box,Roddy Ricch,melodic rap,2019,2024‑02‑02,117,59,-7,79,64,197,10,6,86
173,In Da Club,50 Cent,east coast hip hop,2003,2024‑02‑02,90,71,-3,7,78,193,26,37,86
174,Whoopty,CJ,nyc rap,2020,2024‑02‑02,140,65,-8,13,66,123,20,13,72
175,Level Up,Ciara,dance pop,2019,2024‑02‑02,153,82,-5,11,61,204,1,15,69
176,INDUSTRY BABY (feat. Jack Harlow),Lil Nas X,lgbtq+ hip hop,2021,2024‑02‑02,150,70,-7,5,89,212,2,6,81
177,Murder In My Mind,Kordhell,drift phonk,2022,2024‑02‑02,120,97,-1,13,57,145,1,11,85
178,Get Deady,Fivio Foreign,brooklyn drill,2023,2024‑02‑02,140,72,-7,7,45,203,2,28,67
179,Dior,Pop Smoke,brooklyn drill,2019,2024‑02‑02,142,81,-6,41,65,216,21,35,83
180,Ojos Sin Ver,Morad,drill espanol,2023,2024‑02‑02,124,73,-5,6,38,192,42,13,66
181,Doja,Central Cee,melodic drill,2022,2024‑02‑02,140,57,-7,40,97,97,38,29,84
182,24 hours to live,Joyner Lucas,boston hip hop,2023,2024‑02‑02,142,64,-10,29,61,209,12,31,68
183,Call Me Revenge - Call of Duty: Modern Warfare 3,21 Savage,atl hip hop,2023,2024‑02‑02,159,63,-8,15,41,166,2,15,69
184,I'm Good (Blue),David Guetta,big room,2022,2024‑02‑02,128,97,-4,37,30,175,0,3,92
185,Still D.R.E.,Dr. Dre,g funk,1999,2024‑02‑02,93,78,-3,5,53,271,16,23,85
186,Superhero (Heroes & Villains) [with Future & Chris Brown],Metro Boomin,rap,2022,2024‑02‑02,117,61,-5,19,49,183,15,26,89
187,Free Falling,James Arthur,pop,2024,2024‑02‑02,112,39,-9,11,21,173,51,3,71
188,Pick Me,Alec Benjamin,alt z,2024,2024‑02‑02,104,49,-9,12,48,179,80,5,68
189,Behind,Myles Smith,singer-songwriter pop,2023,2024‑02‑02,122,79,-8,26,52,199,16,4,69
190,Can’t Catch Me Now - from The Hunger Games: The Ballad of Songbirds & Snakes,Olivia Rodrigo,pop,2023,2024‑02‑02,142,37,-8,12,23,205,84,3,87
191,How Much Longer?,Alexander 23,alt z,2024,2024‑02‑02,158,45,-8,12,36,244,43,3,58
192,Passionate,AJ Mitchell,alt z,2023,2024‑02‑02,99,51,-8,36,37,163,4,5,58
193,Loving You Will Be The Death Of Me,Tom Odell,chill pop,2024,2024‑02‑02,180,33,-10,18,33,132,74,12,69
194,run for the hills,Tate McRae,alt z,2023,2024‑02‑02,130,83,-4,12,23,144,54,9,86
195,exes,Tate McRae,alt z,2023,2024‑02‑02,137,57,-7,11,61,159,17,6,90
196,Dreaming,Tones And I,australian pop,2024,2024‑02‑02,90,61,-7,21,33,208,19,14,0
197,LALALALA,Stray Kids,k-pop,2023,2024‑02‑02,126,85,-3,65,61,182,6,5,86
198,Lovesick,Jenna Raine,alt z,2024,2024‑02‑02,152,73,-6,19,70,152,28,7,57
199,"Everywhere, Everything (with Gracie Abrams)",Noah Kahan,pov: indie,2023,2024‑02‑02,180,36,-10,13,31,258,57,3,81
200,"he loves me, he loves me not",Jessica Baio,singer-songwriter pop,2024,2024‑02‑02,180,67,-7,54,37,158,2,25,73
201,The Things I Do For Love,bludnymph,,2024,2024‑02‑02,136,76,-4,45,77,161,22,11,62
202,Cedar,Gracie Abrams,alt z,2023,2024‑02‑02,134,40,-9,10,14,253,74,3,68
203,GODS,League of Legends,speedrun,2023,2024‑02‑02,146,77,-6,20,49,221,1,5,85
204,club heaven,Nessa Barrett,alt z,2023,2024‑02‑02,96,64,-6,8,37,132,8,21,69
205,Solo,Myles Smith,singer-songwriter pop,2023,2024‑02‑02,123,46,-7,12,35,200,70,4,82
206,older,Isabel LaRosa,dark r&b,2023,2024‑02‑02,68,51,-7,9,42,138,8,3,84
207,Not My Fault (with Megan Thee Stallion),Reneé Rapp,alt z,2024,2024‑02‑02,124,79,-6,38,87,171,11,18,79
208,Say Cheese,Paul Russell,indie r&b,2024,2024‑02‑02,105,73,-3,33,80,153,9,7,62
209,You & Me,JENNIE,k-pop,2023,2024‑02‑02,112,57,-6,9,57,179,1,6,80
210,something to remember,Matt Hansen,gen z singer-songwriter,2023,2024‑02‑02,112,72,-7,12,49,162,38,3,80
211,Touchy Feely Fool,AJR,pov: indie,2023,2024‑02‑02,76,76,-5,33,61,215,13,14,69
212,Eras Of Us,FLETCHER,alt z,2023,2024‑02‑02,130,59,-8,15,10,169,10,7,71
213,Lovesick,Laufey,gen z singer-songwriter,2023,2024‑02‑02,105,37,-10,11,34,225,66,3,74
214,ur special to me,Artemas,,2024,2024‑02‑02,172,84,-7,27,24,114,0,4,60
215,this is what winter feels like,JVKE,modern indie pop,2024,2024‑02‑02,115,51,-6,38,36,195,65,6,75
216,making the bed,Olivia Rodrigo,pop,2023,2024‑02‑02,133,41,-8,12,23,199,35,3,81
217,hard enough to stay alive,Arden Jones,singer-songwriter pop,2024,2024‑02‑02,94,97,-2,12,41,153,0,17,62
218,Beautiful Things,Benson Boone,singer-songwriter pop,2024,2024‑02‑02,105,47,-6,14,22,180,15,6,91
219,Whatever,Kygo,edm,2024,2024‑02‑02,108,78,-6,33,60,178,11,7,87
220,Last Man Standing,Livingston,singer-songwriter pop,2024,2024‑02‑02,138,44,-6,11,45,183,84,3,72
221,Aphrodite,Sam Short,alt z,2024,2024‑02‑02,108,62,-5,50,39,144,1,5,63
222,Don't Need to Sleep,John Legend,neo soul,2023,2024‑02‑02,123,63,-6,34,19,189,30,4,60
223,Hungry Heart,Declan J Donovan,indie anthem-folk,2024,2024‑02‑02,132,74,-5,17,76,140,6,4,61
224,Nice to meet you (feat. Central Cee),PinkPantheress,bedroom pop,2023,2024‑02‑02,148,78,-7,6,55,162,3,5,75
225,Lead Me On,FLETCHER,alt z,2024,2024‑02‑02,148,94,-5,12,31,174,1,9,70
226,Selfish,Justin Timberlake,dance pop,2024,2024‑02‑02,88,54,-7,9,38,229,7,4,82
227,On My Mama,Victoria Monét,alternative r&b,2023,2024‑02‑02,153,54,-8,12,62,187,55,11,74
228,he never will,Alexander Stewart,singer-songwriter pop,2023,2024‑02‑02,130,76,-5,11,53,171,12,5,69
229,Scared To Start,Michael Marcagi,,2024,2024‑02‑02,148,55,-11,40,44,160,38,3,84
230,Deep In Your Love,Alok,electro house,2024,2024‑02‑02,130,84,-6,6,56,145,1,4,80
231,Tummy Hurts,Reneé Rapp,alt z,2023,2024‑02‑02,150,68,-6,12,48,169,78,29,79
232,UNTOUCHABLE,ITZY,k-pop,2024,2024‑02‑02,105,90,-3,8,67,194,22,13,80
233,Angels in Tibet,Amaarae,afro r&b,2023,2024‑02‑02,140,68,-6,14,54,143,24,13,80
234,HEAVEN,The Kid LAROI,australian hip hop,2024,2024‑02‑02,143,28,-9,10,41,175,77,4,78
235,When We Were Young (The Logical Song),David Guetta,big room,2023,2024‑02‑02,140,91,-5,11,50,147,5,5,87
236,Don't Like Anybody,Bella Poarch,modern alternative pop,2024,2024‑02‑02,147,65,-5,5,73,131,2,8,0
237,Where Do We Go Now? (Music from Lil Nas X: Long Live Montero),Lil Nas X,lgbtq+ hip hop,2024,2024‑02‑02,142,56,-7,18,12,195,8,4,70
238,Clarity,24kGoldn,cali rap,2024,2024‑02‑02,151,82,-5,14,55,138,29,25,0
239,Mosquito,PinkPantheress,bedroom pop,2023,2024‑02‑02,163,90,-4,19,56,146,9,12,65
240,Only In My Mind,Kenya Grace,singer-songwriter pop,2023,2024‑02‑02,143,76,-10,11,42,161,70,11,72
241,Call Me Yours,Lillian Hepler,alt z,2024,2024‑02‑02,74,30,-8,12,13,152,34,10,50
242,Memories,Dean Lewis,australian pop,2024,2024‑02‑02,129,39,-7,12,41,180,80,4,0
243,if u think i'm pretty,Artemas,,2023,2024‑02‑02,144,58,-6,56,40,114,53,5,85
244,White Glove,Dove Cameron,pop,2023,2024‑02‑02,178,69,-5,32,48,150,2,4,66
245,Strangers,Lewis Capaldi,pop,2024,2024‑02‑02,114,45,-4,7,25,214,51,5,78
246,Lilly,LOVA,swedish pop,2024,2024‑02‑02,83,40,-8,26,23,190,41,3,57
247,In The City,Charli XCX,art pop,2023,2024‑02‑02,128,75,-5,7,65,176,3,4,76
248,24,NIKI,indonesian r&b,2024,2024‑02‑02,168,32,-13,17,33,246,63,4,70
249,Paris,Kenya Grace,singer-songwriter pop,2023,2024‑02‑02,145,77,-8,9,79,181,26,25,67
250,Memory Lane,Zara Larsson,pop,2023,2024‑02‑02,96,66,-5,14,53,192,49,6,71
251,Ultraviolet,Aidan Bissett,gen z singer-songwriter,2023,2024‑02‑02,95,79,-6,6,52,206,1,3,59
252,AMERICAN HORROR SHOW,SNOW WIFE,,2023,2024‑02‑02,162,76,-5,70,30,149,4,9,74
253,Those Eyes (feat. Zeph),New West,toronto indie,2024,2024‑02‑02,120,36,-8,26,24,245,72,3,64
254,Drama,aespa,k-pop girl group,2023,2024‑02‑02,131,87,-2,36,38,215,16,4,88
255,Homesick (with Sam Fender),Noah Kahan,pov: indie,2024,2024‑02‑02,170,63,-6,34,39,194,3,4,82
256,Intrusive Thoughts,Natalie Jane,singer-songwriter pop,2023,2024‑02‑02,64,32,-9,9,13,201,77,3,73
257,Igual Que Un Ángel (with Peso Pluma),Kali Uchis,colombian pop,2024,2024‑02‑02,108,61,-5,18,46,260,0,3,94
258,Commas,Ayra Starr,afrobeats,2024,2024‑02‑02,100,59,-7,55,71,157,2,4,0
259,jesus christ in a mini skirt,Meg Smith,,2024,2024‑02‑02,106,81,-6,11,11,181,0,4,60
260,PUPPET SHOW,XG,k-pop girl group,2023,2024‑02‑02,150,61,-6,21,72,200,8,14,73
261,"Fire! (feat. YUQI ((G)I-DLE), JVKE)",Alan Walker,electro house,2023,2024‑02‑02,125,70,-6,8,38,138,6,5,79
262,Wild Ones (feat. Jelly Roll),Jessie Murph,modern country pop,2023,2024‑02‑02,136,69,-4,17,29,143,9,4,85
263,face to face,kenzie,social media pop,2024,2024‑02‑02,155,67,-6,8,70,170,13,3,58
264,THE LINE (feat. d4vd),The Kid LAROI,australian hip hop,2023,2024‑02‑02,92,35,-10,31,69,152,83,5,67
265,Now That We Don't Talk (Taylor's Version) (From The Vault),Taylor Swift,pop,2023,2024‑02‑02,110,51,-9,9,7,146,19,3,88
266,I'm Sorry,Ali Gatie,canadian hip hop,2024,2024‑02‑02,82,38,-10,11,39,204,88,4,65
267,High,Stephen Sanchez,gen z singer-songwriter,2023,2024‑02‑02,176,68,-8,27,40,162,10,4,85
268,Agora Hills,Doja Cat,dance pop,2023,2024‑02‑02,123,67,-6,12,39,265,23,10,92
269,Perfect Night,LE SSERAFIM,k-pop girl group,2023,2024‑02‑02,136,82,-5,6,50,159,10,3,91
270,DARLING DRIVE,METTE,future bass,2024,2024‑02‑02,117,84,-6,11,53,199,3,47,67
271,I GOT YOU,TWICE,k-pop,2024,2024‑02‑02,176,81,-4,9,50,173,5,6,0
272,Skin and Bones,David Kushner,gen z singer-songwriter,2024,2024‑02‑02,117,46,-10,15,17,215,65,4,85
273,(Trust Me Now) I'm Fine,ROZES,alt z,2024,2024‑02‑02,118,74,-7,36,54,197,5,5,57
274,Truth or Dare,Tyla,,2023,2024‑02‑02,154,60,-6,9,81,190,18,34,79
275,Comfortable,Victor Ray,,2024,2024‑02‑02,76,41,-6,10,32,229,45,7,74
276,One Of Your Girls,Troye Sivan,australian pop,2023,2024‑02‑02,93,66,-8,22,81,181,9,7,65
277,You Could Start A Cult (with Lizzy McAlpine),Niall Horan,pop,2023,2024‑02‑02,83,23,-10,12,32,195,92,3,66
278,A Night To Remember,beabadoobee,bedroom pop,2023,2024‑02‑02,115,62,-8,9,57,233,50,3,80
279,Strong Enough (feat. Bailey Zimmerman),Jonas Brothers,boy band,2023,2024‑02‑02,126,82,-5,5,65,149,21,6,75
280,History Of Man,Maisie Peters,alt z,2023,2024‑02‑02,125,54,-6,11,29,208,61,7,73
281,Stuck In The Middle,BABYMONSTER,,2024,2024‑02‑02,120,33,-9,8,33,246,88,3,55
282,J CHRIST,Lil Nas X,lgbtq+ hip hop,2024,2024‑02‑02,150,61,-6,45,89,154,6,9,84
283,Killing Me,Conan Gray,bedroom pop,2023,2024‑02‑02,138,67,-6,45,71,205,2,4,72
284,711,Emei,alt z,2023,2024‑02‑02,124,62,-8,10,74,149,13,5,59
285,The Door,Teddy Swims,,2023,2024‑02‑02,128,86,-5,12,76,213,2,5,77
286,العيب,Haytham Shaker,arab pop,2024,2024‑02‑02,130,40,-9,24,40,190,51,5,39
287,Ba'ad Gheyabo,Ahmed Batshan,arab pop,2020,2024‑02‑02,112,48,-9,13,42,243,72,4,52
288,هيبدأ يتكلم,Ramy Gamal,arab pop,2023,2024‑02‑02,115,48,-8,8,69,166,45,3,54
289,بانت افعالك,Seif Magdy,mahraganat,2022,2024‑02‑02,136,53,-8,37,49,233,69,7,34
290,انا هونت عليك,Houda Bondok,egyptian viral pop,2023,2024‑02‑02,60,54,-9,23,44,248,86,11,51
291,بعده فارق,Ramy Gamal,arab pop,2024,2024‑02‑02,90,35,-14,35,25,253,54,5,50
292,Aloomek,Marwan Moussa,egyptian hip hop,2022,2024‑02‑02,138,33,-12,11,37,307,65,31,56
293,Sad Khana,Nabil,egyptian pop,2023,2024‑02‑02,156,69,-4,6,68,232,56,6,43
294,و كأنك سكر,Jannat,moroccan pop,2023,2024‑02‑02,156,56,-7,11,59,231,77,3,49
295,و افتكرت,Mohamed Hamaki,arab pop,2008,2024‑02‑02,80,65,-9,9,51,254,50,7,61
296,Al Hob Al,Fadel Chaker,arab pop,2023,2024‑02‑02,156,52,-9,18,52,386,83,5,38
297,Ya'any Khalas,Tamer Hosny,arab pop,2006,2024‑02‑02,134,49,-11,2,45,242,39,3,33
298,عاندنا ليه,Karim Mohsen,arab pop,2024,2024‑02‑02,110,46,-9,20,40,249,73,3,37
299,هي حكاية,Ramy Gamal,arab pop,2024,2024‑02‑02,168,44,-10,11,44,183,57,14,46
300,Baad El Kalam,Ahmed Kamel,egyptian pop,2023,2024‑02‑02,80,43,-9,10,36,233,49,17,62
301,بحكي عليكي,Ramy Sabry,arab pop,2024,2024‑02‑02,160,58,-8,8,67,245,57,17,46
302,Albak Ya Hawl ALLAH,Bahaa Sultan,arab pop,2006,2024‑02‑02,136,48,-13,14,50,306,39,3,53
303,Ayam W Fato,Ahmed Batshan,arab pop,2021,2024‑02‑02,160,68,-6,8,69,274,58,8,34
304,Msh Da Elle Ekhtarto,Lege-Cy,egyptian hip hop,2023,2024‑02‑02,89,52,-7,9,40,183,16,3,53
305,Sebooh,Amr Mostafa,arab pop,2022,2024‑02‑02,80,94,-4,9,93,191,16,4,42
306,Raho,Haytham Shaker,arab pop,2019,2024‑02‑02,119,84,-7,12,78,197,13,4,44
307,Ayesh Fel Dabab,Nabil,egyptian pop,2023,2024‑02‑02,120,71,-6,23,51,196,31,4,46
308,Ared Laeeh,Assala Nasri,arab pop,2003,2024‑02‑02,150,56,-8,15,56,231,46,8,44
309,Aywa Ya Ghashash,Ehab Tawfik,arab pop,2024,2024‑02‑02,160,63,-8,9,50,245,32,6,38
310,En Kont Ghaly,Aida el Ayoubi,arab pop,1991,2024‑02‑02,103,24,-11,13,37,302,88,3,48
311,Waga'a El Hawa,Mahmoud El Esseily,arab pop,2018,2024‑02‑02,150,47,-10,6,48,298,18,4,51
312,Enta Teabal,Sandy,arab pop,2024,2024‑02‑02,79,52,-10,35,24,212,67,4,30
313,Malkshy Makan,Ahmed Saad,arab pop,2019,2024‑02‑02,118,31,-11,12,26,244,26,4,44
314,Qesset Sheta (قصة شتا),Donia Samir Ghanem,arab pop,2013,2024‑02‑02,140,53,-9,42,64,207,72,4,46
315,El Sabr Gamel - الصبر جميل,Maha Ftouni,egyptian pop,2023,2024‑02‑02,144,53,-8,40,46,299,76,5,64
316,Haraga’ak Ghareeb - هرجعك غريب,A5rass - الاخرس,middle east hip hop,2022,2024‑02‑02,75,67,-8,23,73,200,62,6,43
317,Mabhenlhash,Moustafa Hagag,arab pop,2014,2024‑02‑02,84,74,-6,36,57,287,49,3,49
318,كلمة رجوعنا,Hoda Bondok,mahraganat,2024,2024‑02‑02,140,79,-6,20,50,261,17,5,43
319,3la 3eny,Ahmed Kamel,egyptian pop,2021,2024‑02‑02,142,34,-13,13,21,316,83,4,55
320,Ba3tzrlek,Ahmed Saad,arab pop,2024,2024‑02‑02,128,45,-11,17,52,250,6,9,48
321,Law Hatsib,Mohamed Hamaki,arab pop,2021,2024‑02‑02,82,41,-9,6,41,228,31,4,55
322,Hob Ghalat,Mahmoud El Esseily,arab pop,2021,2024‑02‑02,135,53,-6,12,53,247,6,5,57
323,Tamini Alieak,Mohamed Fouad,arab pop,2007,2024‑02‑02,144,58,-7,23,22,268,4,5,54
324,Benetharab,Wama,arab pop,2019,2024‑02‑02,120,39,-7,13,42,181,34,3,38
325,Mouch Fara Ktir,Nancy Ajram,afghan pop,2014,2024‑02‑02,75,67,-5,8,44,303,5,5,31
326,بأمارة مين,Farid,egyptian pop,2022,2024‑02‑02,136,66,-6,21,73,196,47,3,64
327,Qoul Regaat Leah,Hussain Aljassmi,khaliji,2005,2024‑02‑02,104,87,-6,28,66,229,40,7,53
328,فى احساس مالينى,Wael Jassar,arab pop,2015,2024‑02‑02,128,57,-9,20,46,249,5,4,56
329,Alolo Kalam,Kamel Ehab,,2021,2024‑02‑02,150,45,-12,10,46,252,71,4,34
330,Maa Al Salama,Fadel Chaker,arab pop,2018,2024‑02‑02,160,75,-5,16,39,213,40,22,42
331,البخت,Wegz,egyptian hip hop,2022,2024‑02‑02,105,59,-8,12,66,206,49,13,67
332,Fouq,Assala Nasri,arab pop,2023,2024‑02‑02,138,60,-5,32,57,193,39,6,64
333,Mars April,Assala Nasri,arab pop,2023,2024‑02‑02,168,63,-8,12,35,196,71,6,46
334,Hamoot Men Gherha,Ramy Sabry,arab pop,2021,2024‑02‑02,75,45,-8,9,26,212,58,8,47
335,Mahzouz,Tamer Ashour,arab pop,2018,2024‑02‑02,138,52,-8,50,44,227,56,3,58
336,نسينا نعيش,Angham,arab pop,2023,2024‑02‑02,128,53,-6,12,27,195,50,10,47
337,حكايتنا منهيه,Ramy Gamal,arab pop,2023,2024‑02‑02,160,58,-10,9,52,280,65,4,49
338,Ana Mosammem,Bahaa Sultan,arab pop,2011,2024‑02‑02,134,57,-8,17,60,323,31,3,57
339,Mel Bedaya,Mohamed Hamaki,arab pop,2019,2024‑02‑02,74,52,-9,10,54,279,41,8,56
340,دوخناك يا فراق,Ramy Gamal,arab pop,2024,2024‑02‑02,156,61,-9,12,50,250,67,15,50
341,Aywa Etghayart,Samira Said,arab pop,2015,2024‑02‑02,140,57,-8,9,17,313,38,5,29
342,Ya Layaly,Sherine,arab pop,2014,2024‑02‑02,154,53,-7,26,64,299,63,3,65
343,Saet EL Forak,Amr Diab,arab pop,2014,2024‑02‑02,135,50,-8,13,14,234,77,3,53
344,02:00 Am,Lege-Cy,egyptian hip hop,2018,2024‑02‑02,98,43,-12,23,24,201,83,16,53
345,Kesert Koul El Nass,George Wassouf,arab pop,2006,2024‑02‑02,125,92,-6,32,45,344,12,11,54
346,Makhdoua,Fayrouz Arkan,,2024,2024‑02‑02,120,52,-5,9,36,274,81,4,35
347,بين الحيطان,Ramy Sabry,arab pop,2024,2024‑02‑02,154,58,-8,12,49,193,66,3,52
348,Matwhashneesh,Cairokee,arab alternative,2022,2024‑02‑02,118,42,-11,6,13,247,68,4,52
349,Lessa El Kalam Zaalan,Ramy Gamal,arab pop,2021,2024‑02‑02,134,34,-11,12,31,276,75,3,38
350,فين ذنبي,Ahmed Khaled,egyptian viral pop,2024,2024‑02‑02,126,34,-10,19,57,232,95,11,11
351,7ALA,Afroto,egyptian hip hop,2023,2024‑02‑02,98,54,-13,20,50,181,58,4,62
352,Sora Ma3kosa,Adham Seliman,arab pop,2019,2024‑02‑02,135,48,-6,11,28,272,87,5,46
353,مرجعليش,Farid,egyptian pop,2024,2024‑02‑02,142,46,-9,26,37,304,86,5,59
354,مش حكاية,Farid,egyptian pop,2023,2024‑02‑02,77,78,-5,21,64,223,26,4,52
355,Khasemt El Noum,Sherine,arab pop,2021,2024‑02‑02,140,49,-10,9,52,204,48,7,56
356,Men Sokat,Ahmed Kamel,egyptian pop,2024,2024‑02‑02,140,46,-9,15,38,194,44,10,0
357,انا لو حبيبك,Mohamed Fouad,arab pop,1999,2024‑02‑02,154,62,-12,9,43,327,25,6,50
358,Bataleny,Moustafa Hagag,arab pop,2023,2024‑02‑02,144,58,-7,15,14,230,42,4,44
359,Mshit Khalas,Wael Jassar,arab pop,2005,2024‑02‑02,135,90,-8,6,81,279,15,8,53
360,Baalo Kam Youm,Mohamed Adaweya,egyptian viral pop,2018,2024‑02‑02,102,72,-7,10,28,275,2,3,41
361,خطوة,Moustafa Hagag,arab pop,2018,2024‑02‑02,125,95,-4,32,97,198,36,4,53
362,Baskotaya M2armesha,Hassan Shakosh,arab pop,2020,2024‑02‑02,109,94,0,9,69,224,4,7,53
363,Misirlou,George Abdo,belly dance,1993,2024‑02‑02,125,54,-14,8,88,258,7,3,33
364,Mozza Helwa Lebanese,Feroan,mahraganat,2021,2024‑02‑02,194,76,-6,30,55,182,7,39,45
365,Jelly Belly Dance,Emad Sayyah,belly dance,2012,2024‑02‑02,140,75,-10,5,22,138,0,7,36
366,الدنيا زى المرجيحة,عمرو السعيد,,2017,2024‑02‑02,98,57,-12,9,85,296,23,15,48
367,الجدعنه,Ahmed Sheba,arab pop,2023,2024‑02‑02,94,73,-5,20,40,331,40,4,42
368,Hetta Tanya,Ruby,arab pop,2021,2024‑02‑02,106,80,-6,3,93,199,21,4,58
369,Ama Baraw,Hussain Aljassmi,khaliji,2018,2024‑02‑02,149,88,-5,37,64,435,6,17,47
370,Albek Bahar Maleh,El Sawareekh,mahraganat,2019,2024‑02‑02,135,71,-10,10,75,194,19,4,41
371,الجدع,Mahmoud El Leithy,arab pop,2024,2024‑02‑02,95,94,-5,6,71,200,32,5,40
372,Ah W Noss,Nancy Ajram,afghan pop,2008,2024‑02‑02,142,98,-1,5,96,281,9,11,47
373,Ana La Mastol,Hamada Helal,arab pop,2008,2024‑02‑02,133,79,-5,4,29,322,56,7,41
374,Set El Setat,Mahmoud El Esseily,arab pop,2012,2024‑02‑02,110,75,-7,3,93,236,18,4,32
375,El Wad Albo Beyewga'o,Bahaa Sultan,arab pop,2006,2024‑02‑02,90,78,-7,5,97,247,41,5,55
376,El 'Aawoo,Diab,egyptian viral pop,2009,2024‑02‑02,125,93,-4,11,74,290,8,4,41
377,Ghammazat,Diab,egyptian viral pop,2009,2024‑02‑02,128,93,-4,8,97,249,20,6,44
378,Mesytara,Lamis Kan,egyptian pop,2021,2024‑02‑02,100,82,-6,8,73,168,17,9,70
379,Alby Plastic,Ruby,arab pop,2021,2024‑02‑02,126,81,-7,4,98,211,5,5,55
380,Souq El Banat,Mahmoud El Leithy,arab pop,2011,2024‑02‑02,138,97,-4,33,83,299,32,4,47
381,لغبطيطا,Omar Kamal,arab pop,2020,2024‑02‑02,135,98,0,14,96,190,23,7,54
382,Nos Banat Baldak,Mahmoud El Leithy,arab pop,2023,2024‑02‑02,136,96,-4,8,79,128,11,5,36
383,Melody of Heartbeat,Artem Uzunov,belly dance,2013,2024‑02‑02,148,99,-4,17,35,249,1,17,37
384,Ama Naeima,Marwa,arab pop,2018,2024‑02‑02,107,80,-7,10,69,201,48,6,43
385,Ya Medalaa,Ahmed Saad,arab pop,2019,2024‑02‑02,150,84,-7,6,97,235,6,5,46
386,Mahragan Bent El Geran,Hassan Shakosh,arab pop,2020,2024‑02‑02,105,86,-2,33,69,183,14,10,61
387,Wala Ala Balo,Amr Diab,arab pop,2001,2024‑02‑02,117,81,-8,11,33,308,16,4,53
388,سطلانة,Abd El Basset Hamouda,egyptian pop,2023,2024‑02‑02,126,89,-5,11,87,195,4,7,63
389,Nour El Ein,Amr Diab,arab pop,1996,2024‑02‑02,100,66,-12,4,77,308,27,8,65
390,على شانك (حبك سفاح),Nancy Ajram,afghan pop,2021,2024‑02‑02,108,86,-5,6,51,194,15,5,59
391,قلبي انتي خدتي قلبي,Hamo Bika,egyptian pop,2024,2024‑02‑02,135,95,0,6,84,247,7,4,38
392,Ekhwaty,El Sawareekh,mahraganat,2020,2024‑02‑02,140,74,-12,9,73,159,20,5,56
393,حلاوة روح,Hakim,arab pop,2015,2024‑02‑02,176,85,-5,31,60,390,26,8,51
394,Kol Youm,Ahmed Saad,arab pop,2021,2024‑02‑02,128,80,-8,4,96,206,33,4,50
395,Yamnana,Moustafa Hagag,arab pop,2014,2024‑02‑02,118,86,-6,9,90,257,13,4,54
396,انتي معلمه,Omar Kamal,arab pop,2020,2024‑02‑02,130,99,-1,20,92,192,27,8,54
397,Yearning (feat. Fathi Aljarah),Raul Ferrando,belly dance,2008,2024‑02‑02,148,61,-8,8,54,294,50,4,45
398,Tabla Talk,Raul Ferrando,belly dance,2008,2024‑02‑02,111,99,-8,5,53,214,18,10,38
399,Tabla Solo 2,Mokhtar al Said,belly dance,1991,2024‑02‑02,163,93,-6,7,99,104,26,7,39
400,Enta Omri - Remix,DJ Minoo,,2015,2024‑02‑02,128,90,-9,11,88,292,1,5,33
401,أخوك يشرف بلد - من فيلم حمص وحلاوة,Mahmoud El Leithy,arab pop,2023,2024‑02‑02,92,81,-10,10,58,362,45,6,44
402,Warda,Asena,belly dance,2001,2024‑02‑02,100,66,-10,42,33,232,50,25,39
403,El Hob Halal,Hossam Ramzy,belly dance,2015,2024‑02‑02,159,52,-10,12,41,302,53,9,35
404,السهر و الإنبساط,Akram Hosny,arab pop,2022,2024‑02‑02,120,86,-8,5,98,136,30,4,49
405,Ya Msahar Einy,Ramy Ayach,arab pop,2004,2024‑02‑02,102,90,-7,5,76,243,37,6,38
406,Ahlam ( Dreams),Dr Samy Farag,belly dance,2013,2024‑02‑02,95,73,-6,30,65,403,1,6,31
407,Negma Meadeya,Wama,arab pop,2021,2024‑02‑02,122,95,-5,32,88,202,39,4,35
408,Btnadiny Tany Leh,Hegazy Metkal,belly dance,2017,2024‑02‑02,126,83,-7,30,38,314,21,6,31
409,El Enab,Saad El Soghayar,arab pop,2007,2024‑02‑02,148,88,-7,7,97,205,13,5,37
410,السخان,Omar Kamal,arab pop,2023,2024‑02‑02,112,78,-4,41,48,186,31,4,45
411,Elghazala Ray2a (feat. Mohamed Osama),Karim Mahmoud Abdelaziz,mahraganat,2021,2024‑02‑02,122,72,-5,7,80,162,20,5,60
412,دلع بنات,اوكا,mahraganat,2014,2024‑02‑02,110,96,-4,4,86,212,10,7,43
413,Tabla Solo,Brandan Osvaldo el Beryewe,belly dance,2010,2024‑02‑02,139,84,-12,10,59,386,20,12,33
414,Dom Dom,Mahmoud El Esseily,arab pop,2022,2024‑02‑02,98,77,-6,12,62,182,48,15,57
415,West Naima (Naima's Hip),Hossam Ramzy,belly dance,2000,2024‑02‑02,118,86,-8,7,76,201,29,12,36
416,3 ساعات متواصله,Ruby,arab pop,2023,2024‑02‑02,114,93,-5,10,94,192,19,5,56
417,Mahragan Albe Elly Kan Mabsout,Hassan Shakosh,arab pop,2020,2024‑02‑02,113,94,-1,14,89,376,11,5,49
418,"No Tabla, No Fun - Percussion",Emad Sayyah,belly dance,2017,2024‑02‑02,130,100,-8,12,76,157,1,5,39
419,Ta3ala Adalla3ak,Bahaa Sultan,arab pop,2021,2024‑02‑02,124,86,-4,8,90,211,65,5,59
420,Bel Bont El3areedh,Hussain Aljassmi,khaliji,2020,2024‑02‑02,140,74,-6,7,93,199,3,5,60
421,Sawraji Tabla,Al-Ahram Orchestra,belly dance,2006,2024‑02‑02,136,88,-11,7,65,149,9,9,31
422,ستو أنا,Akram Hosny,arab pop,2022,2024‑02‑02,132,75,-9,8,97,142,29,4,60
423,Wala Wahed,Hakim,arab pop,1993,2024‑02‑02,133,59,-15,11,96,253,22,4,53
424,Di Halawa,Ahmed Bahaa,arab pop,2022,2024‑02‑02,109,90,-4,10,90,197,6,4,45
425,Ana Fel Gharam,Sherine,arab pop,2003,2024‑02‑02,124,96,-6,10,95,228,12,4,57
426,100 Geneh,Aya Akil,,2024,2024‑02‑02,75,63,-10,12,65,202,9,8,20
427,Bafaker Kteer - acoustic,Reina Khoury,,2024,2024‑02‑02,104,29,-11,29,26,165,85,3,25
428,Eshthakarak Biya,Balqees,arab pop,2023,2024‑02‑02,64,54,-7,13,19,209,64,8,38
429,Bahki Annak,Nawal Al Zoghbi,arab pop,2024,2024‑02‑02,140,51,-8,31,45,213,59,7,0
430,Zayyo Tani,Bossy,shaabi,2024,2024‑02‑02,172,42,-14,12,65,206,27,7,32
431,Ta3ala Wefrah,Maya Diab,arab pop,2024,2024‑02‑02,88,84,-5,12,73,217,35,5,0
432,Kello Waham,Elissa,arab pop,2024,2024‑02‑02,93,54,-7,13,42,203,47,4,44
433,wa2t shrouk,Malak,,2023,2024‑02‑02,80,43,-7,12,24,149,84,4,30
434,Rouge,Dana Salah,palestinian alternative,2023,2024‑02‑02,110,58,-7,12,72,154,44,3,37
435,Salma Ya Salama,Nagwan,,2023,2024‑02‑02,89,80,-10,10,15,179,28,30,31
436,Ala Fekra,Rawan Bin Hussain,,2024,2024‑02‑02,80,53,-8,11,42,197,45,6,32
437,Ded Elnesian - ضد النسيان,Mirna nasser,,2023,2024‑02‑02,75,53,-8,13,31,205,62,12,33
438,Elshamkh El Gowwani,Jannat,moroccan pop,2024,2024‑02‑02,100,58,-6,15,73,185,38,8,41
439,Hayat Alnjoom,Layan Shams,,2023,2024‑02‑02,79,49,-10,26,38,189,61,10,19
440,Akhuya - اخويا,Maha Ftouni,egyptian pop,2024,2024‑02‑02,128,60,-5,12,40,167,67,3,44
441,قلبي يا محتاس,Nancy Ajram,afghan pop,2024,2024‑02‑02,180,67,-4,15,87,174,42,13,51
442,Hooked,Zeina,canadian contemporary r&b,2024,2024‑02‑02,100,77,-6,10,81,147,27,5,62
443,Bala ma nehess,May Abd El Aziz,egyptian alternative,2024,2024‑02‑02,130,19,-12,13,43,125,93,4,1
444,Leeh Ala Baly,Perrie,egyptian hip hop,2024,2024‑02‑02,70,12,-12,15,18,135,99,3,38
445,Batwanes Beek,Felukah,egyptian hip hop,2024,2024‑02‑02,104,73,-7,53,79,129,9,5,48
446,3Aysh Lehnafsy,Lamis Kan,egyptian pop,2024,2024‑02‑02,92,52,-8,12,51,221,87,14,33
447,Ashtakou Li Wajhika,Rima Yussef,,2024,2024‑02‑02,130,58,-7,17,40,216,68,5,36
448,اسقيني,Almas,egyptian trap,2023,2024‑02‑02,107,44,-10,9,54,180,76,4,43
449,شوك وسكاكين,Hala,,2024,2024‑02‑02,159,50,-9,7,4,222,51,5,0
450,حدوتة منسية - تتر مسلسل حدوتة منسية,Nedaa Shrara,arab pop,2024,2024‑02‑02,160,69,-7,7,66,237,39,6,20
451,Mood Gahed,Nehal Nabil,egyptian pop,2024,2024‑02‑02,97,45,-8,4,57,186,1,4,30
452,Sandooq,Assala Nasri,arab pop,2024,2024‑02‑02,140,36,-13,38,55,345,88,5,39
453,قهوة محوجة,Nagwan,,2024,2024‑02‑02,190,65,-8,9,67,188,27,10,33
454,Manho Habibak,Oumaima Taleb,khaliji,2024,2024‑02‑02,79,80,-6,20,73,322,39,5,34
455,Woseltelha,Haifa Wehbe,arab pop,2024,2024‑02‑02,91,74,-7,11,47,248,13,4,64
456,Saggan,Abeer Nehme,arab pop,2024,2024‑02‑02,96,85,-5,30,79,174,24,15,43
457,Jannat Al Hob,Assala Nasri,arab pop,2023,2024‑02‑02,125,68,-5,11,52,237,50,15,38
458,Wana Lewahdy,Wafaa,,2024,2024‑02‑02,156,55,-8,18,61,238,83,5,2
459,7nro7 Elwadi,Essam Sasa,egyptian pop,2024,2024‑02‑02,120,94,-2,46,60,239,20,16,0
460,Whipsnake,Tasneem Elaidy,,2024,2024‑02‑02,152,52,-10,17,21,211,13,5,0
461,فضحاني عنية,Samara Now,egyptian viral pop,2024,2024‑02‑02,140,47,-7,18,33,278,65,5,13
462,7era,FAKHAA,,2024,2024‑02‑02,87,36,-7,9,80,158,70,7,2
463,Shlwlw (feat. Rafiek),Moscow,egyptian hip hop,2024,2024‑02‑02,106,69,-10,16,40,163,32,5,0
464,Bandit,Don Toliver,pop rap,2024,2024‑02‑02,130,62,-10,21,11,148,0,10,0
465,Lamma Bheb,Adam,arab pop,2024,2024‑02‑02,132,60,-9,19,49,231,20,4,0
466,Marrah Shukran,Hussain Aljassmi,khaliji,2024,2024‑02‑02,100,84,-3,37,82,365,11,5,20
467,Sensei,Tyga,hip hop,2024,2024‑02‑02,111,65,-6,16,54,113,9,6,0
468,يا أساسى,Meery,egyptian pop,2024,2024‑02‑02,120,73,-7,10,75,228,64,4,0
469,مقسوم,Nancy Ajram,afghan pop,2024,2024‑02‑02,120,87,-6,11,77,219,49,6,40
470,Kalemt El Tabeb,Mostafa Rashad,,2024,2024‑02‑02,82,50,-8,18,25,158,40,19,0
471,5bt,RVWVN,,2024,2024‑02‑02,91,44,-6,17,73,120,12,18,1
472,Law Tes'aleeny,Stigma,,2024,2024‑02‑02,120,65,-7,27,42,230,19,3,0
473,Ma Kefaya,Mohamed El Sharnouby,arab pop,2024,2024‑02‑02,200,68,-7,10,39,201,56,15,8
474,Frank Miller (Kill Again),Freddie Dredd,aesthetic rap,2024,2024‑02‑02,146,54,-12,9,70,132,3,27,26
475,SALEM,Mosalem,egyptian trap,2024,2024‑02‑02,104,44,-11,12,18,198,45,35,25
476,Ya Habiby,Nasser,,2024,2024‑02‑02,143,86,-3,29,50,218,16,6,8
477,KADAB,3askalany,egyptian trap,2024,2024‑02‑02,127,57,-8,29,44,183,10,7,17
478,Code,Arsenik,egyptian hip hop,2024,2024‑02‑02,130,82,-7,9,77,249,28,30,33
479,Big Foot,Nicki Minaj,hip pop,2024,2024‑02‑02,97,73,-10,19,17,262,34,46,76
480,Emta,DOLSEKV,,2024,2024‑02‑02,90,24,-17,13,38,235,72,3,0
481,Point Em Out (with DaBaby),That Mexican OT,texas latin rap,2024,2024‑02‑02,166,63,-6,12,38,134,3,28,0
482,Kalam El Mama,Sharmoofers,arab alternative,2024,2024‑02‑02,104,67,-10,10,35,190,0,4,0
483,El-Zaman,Machine Eat Man,,2024,2024‑02‑02,118,86,-5,9,41,264,6,4,0
484,Msh Bil Kalam,Idreesi,arab electronic,2024,2024‑02‑02,121,42,-10,10,10,192,20,4,0
485,ترحالي,Adham Seliman,arab pop,2024,2024‑02‑02,154,66,-4,13,28,259,5,4,7
486,Catching Flights,LMP,,2024,2024‑02‑02,150,49,-8,8,62,234,11,14,0
487,سبع طبقات,Mahmoud El Leithy,arab pop,2024,2024‑02‑02,168,98,-5,14,86,209,21,15,19
488,Ya Reem Estani,Abyusif,egyptian hip hop,2024,2024‑02‑02,121,51,-7,33,6,128,5,5,46
489,The Feminine Urge,The Last Dinner Party,,2024,2024‑02‑02,118,73,-6,12,61,207,0,3,0
490,Fría,Enrique Iglesias,dance pop,2024,2024‑02‑02,107,85,-3,16,90,177,14,13,0
491,Ahebany Kama Ana,Mayada El Hennawy,arab pop,2024,2024‑02‑02,120,69,-7,7,54,394,53,4,0
492,Matstbstnish,Bassma Atta,,2024,2024‑02‑02,105,81,-6,10,71,178,35,5,6
493,Fear (Single Version),Logic,conscious hip hop,2024,2024‑02‑02,128,78,-4,13,56,252,6,19,0
494,I Ain't Worried,OneRepublic,piano rock,2022,2024‑02‑02,140,80,-6,5,83,148,8,5,92
495,Kill Bill,SZA,pop,2022,2024‑02‑02,89,73,-6,16,43,154,5,4,86
496,Money Trees,Kendrick Lamar,conscious hip hop,2012,2024‑02‑02,72,53,-7,22,34,387,7,12,84
497,Maria Maria (feat. The Product G&B),Santana,blues rock,1999,2024‑02‑02,98,60,-6,3,68,262,4,13,77
498,Strangers,Kenya Grace,singer-songwriter pop,2023,2024‑02‑02,170,52,-8,22,42,173,70,9,96
499,From The Start,Laufey,gen z singer-songwriter,2023,2024‑02‑02,82,41,-7,11,74,170,88,8,83
500,Lil Boo Thang,Paul Russell,indie r&b,2023,2024‑02‑02,114,70,-3,32,92,114,15,8,89
501,Mockingbird,Eminem,detroit hip hop,2004,2024‑02‑02,84,68,-4,16,25,251,21,27,91
502,bad idea right?,Olivia Rodrigo,pop,2023,2024‑02‑02,130,88,-3,6,75,185,0,10,88
503,vampire,Olivia Rodrigo,pop,2023,2024‑02‑02,138,53,-6,29,35,220,18,6,95
504,Moonlight,Kali Uchis,colombian pop,2023,2024‑02‑02,137,72,-6,17,88,188,51,5,86
505,Water,Tyla,,2023,2024‑02‑02,117,72,-3,14,52,200,9,8,95
506,Heather,Conan Gray,bedroom pop,2020,2024‑02‑02,102,43,-7,32,27,198,58,3,91
507,My Love Mine All Mine,Mitski,brooklyn indie,2023,2024‑02‑02,114,31,-15,16,12,138,87,3,99
508,(It Goes Like) Nanana - Edit,Peggy Gou,electra,2023,2024‑02‑02,130,88,-6,8,96,232,12,4,89
509,Collide (feat. Tyga),Justine Skye,pop r&b,2014,2024‑02‑02,140,31,-10,22,13,260,10,6,76
510,FTCU,Nicki Minaj,hip pop,2023,2024‑02‑02,145,46,-7,12,24,172,2,19,91
511,See You Again (feat. Kali Uchis),"Tyler, The Creator",hip hop,2017,2024‑02‑02,79,56,-9,11,62,180,37,10,92
512,Makeba,Jain,french pop,2016,2024‑02‑02,116,66,-9,29,42,249,42,7,74
513,i'm yours,Isabel LaRosa,dark r&b,2022,2024‑02‑02,111,71,-7,44,64,146,20,8,82
514,Escapism.,RAYE,uk contemporary r&b,2023,2024‑02‑02,96,74,-5,9,25,272,14,11,86
515,greedy,Tate McRae,alt z,2023,2024‑02‑02,111,73,-3,11,84,132,26,3,100
516,Hell N Back,Bakar,uk alternative hip hop,2019,2024‑02‑02,210,68,-4,11,72,214,31,57,81
517,Low Life (feat. The Weeknd),Future,atl hip hop,2016,2024‑02‑02,144,33,-8,15,10,314,34,7,85
518,Pink + White,Frank Ocean,lgbtq+ hip hop,2016,2024‑02‑02,160,55,-7,42,55,185,67,11,92
519,Everybody Wants To Rule The World,Tears For Fears,new romantic,1985,2024‑02‑02,112,80,-12,10,54,251,35,5,90
520,Here With Me,d4vd,bedroom pop,2023,2024‑02‑02,132,46,-9,12,30,242,54,3,90
521,Smooth Operator - Single Version,Sade,british soul,1994,2024‑02‑02,119,58,-7,3,96,259,24,3,82
522,Sure Thing,Miguel,r&b,2010,2024‑02‑02,81,61,-8,19,50,195,3,10,90
523,MONACO,Bad Bunny,reggaeton,2023,2024‑02‑02,139,62,-5,58,13,267,15,7,93
524,Never Lose Me,Flo Milli,viral rap,2023,2024‑02‑02,122,57,-8,10,7,126,5,10,91
525,Mask Off,Future,atl hip hop,2017,2024‑02‑02,150,43,-9,17,28,205,1,43,51
526,Players,Coi Leray,new jersey underground rap,2022,2024‑02‑02,105,52,-6,5,62,140,3,16,79
527,IDGAF (feat. Yeat),Drake,canadian hip hop,2023,2024‑02‑02,137,67,-8,21,14,260,5,27,92
528,If We Ever Broke Up,Mae Stephens,singer-songwriter pop,2023,2024‑02‑02,116,73,-4,9,96,143,62,4,82
529,Night Changes,One Direction,boy band,2014,2024‑02‑02,120,52,-8,12,37,227,86,4,89
530,Atlantis,Seafret,folk-pop,2016,2024‑02‑02,166,48,-8,12,21,229,5,3,87
531,Not Allowed,TV Girl,pov: indie,2016,2024‑02‑02,105,91,-7,35,56,168,67,13,90
532,Shut up My Moms Calling,Hotel Ugly,modern indie pop,2020,2024‑02‑02,138,41,-11,10,38,165,33,10,91
533,Surround Sound (feat. 21 Savage & Baby Tate),JID,hip hop,2022,2024‑02‑02,76,56,-7,26,47,230,17,48,94
534,The Night We Met,Lord Huron,indie folk,2015,2024‑02‑02,87,37,-10,64,10,208,97,4,92
535,Sweater Weather,The Neighbourhood,modern alternative rock,2013,2024‑02‑02,124,81,-3,10,40,240,5,3,93
536,Stick Season,Noah Kahan,pov: indie,2022,2024‑02‑02,118,49,-7,10,82,182,78,7,97
537,Paint The Town Red,Doja Cat,dance pop,2023,2024‑02‑02,100,54,-9,9,73,232,27,17,93
538,Angels Like You,Miley Cyrus,pop,2020,2024‑02‑02,122,64,-4,10,49,196,10,3,88
539,Barbie World (with Aqua) [From Barbie The Album],Nicki Minaj,hip pop,2023,2024‑02‑02,144,58,-8,23,75,110,52,25,85
540,People,Libianca,afrobeats,2022,2024‑02‑02,124,42,-8,10,69,185,55,7,86
541,Cupid - Twin Ver.,FIFTY FIFTY,k-pop girl group,2023,2024‑02‑02,120,59,-8,35,73,174,44,3,84
542,Radio,Lana Del Rey,art pop,2012,2024‑02‑02,75,86,-5,11,20,215,19,7,83
543,IT'S GETTING HOT,NLE Choppa,memphis hip hop,2023,2024‑02‑02,106,76,-4,7,58,134,2,6,73
544,Sprinter,Dave,uk hip hop,2023,2024‑02‑02,141,58,-8,8,66,226,19,24,90
545,fukumean,Gunna,atl hip hop,2023,2024‑02‑02,130,62,-7,28,22,125,12,9,93
546,Si No Estás,iñigo quintero,,2022,2024‑02‑02,98,42,-9,14,52,184,83,3,95
547,golden hour,JVKE,modern indie pop,2022,2024‑02‑02,94,59,-5,25,15,209,65,3,86
548,Those Eyes,New West,toronto indie,2023,2024‑02‑02,120,35,-8,29,24,221,70,3,85
549,Daylight,David Kushner,gen z singer-songwriter,2023,2024‑02‑02,130,43,-9,9,32,213,83,3,94
550,Lovin On Me,Jack Harlow,deep underground hip hop,2023,2024‑02‑02,105,56,-5,9,61,138,0,6,99
551,Boy's a liar Pt. 2,PinkPantheress,bedroom pop,2023,2024‑02‑02,133,81,-8,25,86,131,25,5,84
552,Rush,Troye Sivan,australian pop,2023,2024‑02‑02,126,85,-8,10,35,156,0,6,61
553,Area Codes,Kaliii,rap,2023,2024‑02‑02,155,39,-11,9,51,139,2,49,80
554,What It Is (Solo Version),Doechii,alternative r&b,2023,2024‑02‑02,172,76,-6,10,76,190,6,9,84
555,act ii: date @ 8,4batz,,2023,2024‑02‑02,139,42,-13,7,75,159,44,5,87
556,I Wanna Be Yours,Arctic Monkeys,garage rock,2013,2024‑02‑02,68,42,-9,10,48,184,14,3,96
557,Until I Found You (with Em Beihold) - Em Beihold Version,Stephen Sanchez,gen z singer-songwriter,2022,2024‑02‑02,101,55,-5,20,34,176,78,3,90
558,"One Of The Girls (with JENNIE, Lily Rose Depp)",The Weeknd,canadian contemporary r&b,2023,2024‑02‑02,88,64,-6,16,20,245,5,3,98
559,Wake Me Up Before You Go-Go,Wham!,new romantic,1984,2024‑02‑02,82,57,-12,6,90,231,27,4,83
560,Flashdance...What a Feeling - Radio Edit,Irene Cara,disco,1983,2024‑02‑02,122,65,-7,9,40,237,1,3,81
561,Party Rock Anthem,LMFAO,dance pop,2011,2024‑02‑02,130,74,-4,27,35,262,2,16,77
562,Give It To Me,Timbaland,dance pop,2007,2024‑02‑02,111,71,-4,8,82,234,17,6,79
563,Dynamite,Taio Cruz,dance pop,2010,2024‑02‑02,120,78,-4,4,82,203,0,9,79
564,The Nights,Avicii,dance pop,2014,2024‑02‑02,126,84,-5,25,65,177,2,4,88
565,Believe,Cher,dance pop,1998,2024‑02‑02,133,92,-7,5,46,239,1,5,81
566,Livin' On A Prayer,Bon Jovi,glam metal,1986,2024‑02‑02,123,89,-4,29,80,249,8,3,88
567,"Happy - From ""Despicable Me 2""",Pharrell Williams,dance pop,2014,2024‑02‑02,160,82,-5,9,96,233,22,18,83
568,Lady - Hear Me Tonight,Modjo,disco house,2001,2024‑02‑02,126,81,-6,6,87,307,1,4,82
569,Toxic,Britney Spears,dance pop,2003,2024‑02‑02,143,84,-4,24,92,199,2,11,86
570,Mambo No. 5 (a Little Bit of...),Lou Bega,latin pop,1999,2024‑02‑02,174,81,-7,31,89,220,10,41,80
571,Billie Jean,Michael Jackson,r&b,2008,2024‑02‑02,117,65,-3,4,85,294,2,4,84
572,Take on Me,a-ha,new romantic,1985,2024‑02‑02,84,90,-8,9,88,225,2,5,90
573,Girls Just Want to Have Fun,Cyndi Lauper,dance pop,1983,2024‑02‑02,120,80,-5,35,73,238,22,3,84
574,We Found Love,Rihanna,barbadian pop,2011,2024‑02‑02,128,77,-4,11,60,215,3,4,82
575,Levels - Radio Edit,Avicii,dance pop,2011,2024‑02‑02,126,89,-6,31,46,200,5,3,84
576,Yeah! (feat. Lil Jon & Ludacris),USHER,atl hip hop,2004,2024‑02‑02,105,79,-5,4,58,250,2,11,86
577,Club Can't Handle Me (feat. David Guetta),Flo Rida,dance pop,2010,2024‑02‑02,128,87,-4,6,47,235,3,3,82
578,Walking On Sunshine,Katrina & The Waves,new wave pop,1985,2024‑02‑02,110,87,-12,7,94,239,1,4,82
579,Hey Ya!,Outkast,atl hip hop,2003,2024‑02‑02,80,97,-2,17,97,235,10,7,85
580,Dancing Queen,ABBA,europop,1976,2024‑02‑02,101,87,-7,79,75,230,36,4,88
581,Get Busy,Sean Paul,dance pop,2022,2024‑02‑02,100,82,-4,16,73,212,61,4,81
582,I Gotta Feeling,Black Eyed Peas,dance pop,2009,2024‑02‑02,128,77,-6,51,61,289,9,3,85
583,Blurred Lines,Robin Thicke,dance pop,2013,2024‑02‑02,120,60,-5,8,84,264,0,4,79
584,Gimme More,Britney Spears,dance pop,2007,2024‑02‑02,113,84,-3,7,38,251,25,3,84
585,Summertime Sadness (Lana Del Rey Vs. Cedric Gervais) - Cedric Gervais Remix,Lana Del Rey,art pop,2013,2024‑02‑02,126,81,-6,13,11,215,2,6,78
586,Let's Groove,"Earth, Wind & Fire",disco,1981,2024‑02‑02,125,65,-9,13,90,339,12,6,79
587,Livin' la Vida Loca,Ricky Martin,latin pop,1999,2024‑02‑02,178,95,-4,6,93,243,0,5,78
588,Mamma Mia,ABBA,europop,1975,2024‑02‑02,138,75,-7,47,83,213,30,3,81
589,Con Calma,Daddy Yankee,latin hip hop,2019,2024‑02‑02,94,86,-3,6,66,193,11,6,80
590,Just Dance,Lady Gaga,art pop,2008,2024‑02‑02,119,74,-5,18,75,242,3,3,83
591,Poker Face,Lady Gaga,art pop,2008,2024‑02‑02,119,81,-5,12,79,237,12,8,85
592,Infinity 2008 - Klaas Vocal Edit,Guru Josh Project,acid house,2008,2024‑02‑02,128,86,-6,35,47,192,0,6,78
593,Shake It Off,Taylor Swift,pop,2014,2024‑02‑02,160,80,-5,33,94,219,6,17,84
594,Starships,Nicki Minaj,hip pop,2012,2024‑02‑02,125,72,-2,25,75,211,14,8,81
595,You're The One That I Want - From “Grease”,John Travolta,hollywood,2023,2024‑02‑02,214,79,-6,17,84,169,31,17,78
596,Feel This Moment (feat. Christina Aguilera),Pitbull,dance pop,2012,2024‑02‑02,136,76,-4,34,54,230,4,16,82
597,Timber (feat. Ke$ha),Pitbull,dance pop,2012,2024‑02‑02,130,96,-4,14,79,204,3,10,85
598,Down,Jay Sean,dance pop,2009,2024‑02‑02,132,68,-4,8,73,213,1,3,81
599,Wake Me Up,Avicii,dance pop,2013,2024‑02‑02,124,78,-6,16,64,247,0,5,89
600,Hey Brother,Avicii,dance pop,2013,2024‑02‑02,125,78,-5,8,46,255,3,4,82
601,Starboy,The Weeknd,canadian contemporary r&b,2016,2024‑02‑02,186,59,-7,14,49,230,14,28,95
602,Don't Let Me Down,The Chainsmokers,pop,2016,2024‑02‑02,160,87,-5,14,42,208,16,17,82
603,Lean On (feat. MØ & DJ Snake),Major Lazer,dance pop,2015,2024‑02‑02,98,81,-3,56,27,177,0,6,84
604,Everybody (Backstreet's Back) - Radio Edit,Backstreet Boys,boy band,1997,2024‑02‑02,108,85,-4,27,61,225,4,4,80
605,Don't Stop 'Til You Get Enough,Michael Jackson,r&b,1979,2024‑02‑02,119,82,-10,18,95,365,13,9,78
606,Without Me,Eminem,detroit hip hop,2002,2024‑02‑02,112,67,-3,24,66,290,0,7,92
607,Get Lucky (Radio Edit) [feat. Pharrell Williams and Nile Rodgers],Daft Punk,electro,2013,2024‑02‑02,116,81,-9,10,86,248,4,4,83
608,Glad You Came,The Wanted,boy band,2011,2024‑02‑02,127,85,-4,11,45,198,3,6,81
609,"Boom, Boom, Boom, Boom!!",Vengaboys,bubblegum dance,1999,2024‑02‑02,138,95,-5,3,97,203,1,4,77
610,One More Time,Daft Punk,electro,2001,2024‑02‑02,123,70,-9,33,48,320,2,13,80
611,Summer Of '69,Bryan Adams,canadian pop,1984,2024‑02‑02,139,83,-6,7,77,216,2,4,85
612,Candy Shop,50 Cent,east coast hip hop,2005,2024‑02‑02,125,57,-8,38,76,209,3,47,83
613,SexyBack (feat. Timbaland),Justin Timberlake,dance pop,2006,2024‑02‑02,117,58,-6,5,96,243,6,8,82
614,Ms. Jackson,Outkast,atl hip hop,2000,2024‑02‑02,95,81,-6,8,61,271,14,27,84
615,Everytime We Touch,Cascada,eurodance,2010,2024‑02‑02,142,98,-5,38,49,197,0,5,77
616,Right Round,Flo Rida,dance pop,2009,2024‑02‑02,125,67,-7,23,71,205,1,6,80
617,No Diggity,Blackstreet,boy band,1996,2024‑02‑02,89,65,-5,28,67,305,30,29,81
618,Temperature,Sean Paul,dance pop,2005,2024‑02‑02,125,60,-5,7,82,219,11,7,83
619,Don't Stop The Music,Rihanna,barbadian pop,2008,2024‑02‑02,123,67,-6,5,54,267,3,6,83
620,Disturbia,Rihanna,barbadian pop,2008,2024‑02‑02,125,81,-5,17,72,239,9,6,82
621,Tainted Love,Soft Cell,new romantic,1981,2024‑02‑02,144,50,-8,26,62,154,46,4,84
622,Jump - 2015 Remaster,Van Halen,album rock,1984,2024‑02‑02,130,84,-6,7,80,242,17,3,81
623,Don't You Worry Child - Radio Edit,Swedish House Mafia,edm,2012,2024‑02‑02,129,84,-3,12,44,213,11,5,85
624,Shape of You,Ed Sheeran,pop,2017,2024‑02‑02,96,65,-3,9,93,234,58,8,89
625,...Baby One More Time,Britney Spears,dance pop,1999,2024‑02‑02,93,70,-6,44,91,211,20,3,83
626,Barbie Girl,Aqua,bubblegum dance,1997,2024‑02‑02,130,88,-11,37,96,198,2,4,80
627,Don't You Want Me,The Human League,new romantic,1981,2024‑02‑02,118,74,-8,21,96,237,18,4,80
628,Shut Up and Dance,WALK THE MOON,dance rock,2014,2024‑02‑02,128,87,-4,26,62,199,1,6,86
629,Rockabye (feat. Sean Paul & Anne-Marie),Clean Bandit,pop,2016,2024‑02‑02,102,76,-4,18,74,251,41,5,77
630,This Is What You Came For,Calvin Harris,dance pop,2016,2024‑02‑02,124,93,-3,15,47,222,20,3,86
631,On The Floor,Jennifer Lopez,dance pop,2011,2024‑02‑02,130,78,-5,7,57,285,11,5,82
632,Uptown Funk (feat. Bruno Mars),Mark Ronson,pop soul,2015,2024‑02‑02,115,61,-7,3,93,270,1,8,86
633,"Freed From Desire - prod. Molella, Phil Jay",Gala,eurodance,1997,2024‑02‑02,129,86,-4,10,64,213,59,5,81
634,Wannabe,Spice Girls,dance pop,1996,2024‑02‑02,110,86,-6,16,89,173,10,3,84
635,"CAN'T STOP THE FEELING! (from DreamWorks Animation's ""TROLLS"")",Justin Timberlake,dance pop,2016,2024‑02‑02,113,83,-6,19,70,236,1,8,81
636,4 Minutes (feat. Justin Timberlake & Timbaland),Madonna,dance pop,2009,2024‑02‑02,113,93,-5,23,77,190,1,7,78
637,Replay,Iyaz,dance pop,2009,2024‑02‑02,91,75,-6,17,20,182,17,7,80
638,Under Control (feat. Hurts),Calvin Harris,dance pop,2014,2024‑02‑02,126,92,-3,12,51,184,13,8,78
639,Blame (feat. John Newman),Calvin Harris,dance pop,2014,2024‑02‑02,128,86,-4,34,35,213,3,8,81
640,Outside (feat. Ellie Goulding),Calvin Harris,dance pop,2014,2024‑02‑02,128,82,-4,32,42,227,21,4,86
641,Summer,Calvin Harris,dance pop,2014,2024‑02‑02,128,86,-4,14,74,223,2,3,84
642,The Way I Are,Timbaland,dance pop,2007,2024‑02‑02,115,81,-6,32,77,179,18,10,87
643,"Whenever, Wherever",Shakira,colombian pop,2001,2024‑02‑02,108,83,-5,20,87,196,24,4,80
644,Time of Our Lives,Pitbull,dance pop,2014,2024‑02‑02,124,80,-6,69,72,229,9,6,85
645,Pon de Replay,Rihanna,barbadian pop,2005,2024‑02‑02,99,64,-8,10,50,247,0,16,82
646,Hot In Herre,Nelly,dance pop,2002,2024‑02‑02,107,75,-5,6,91,228,21,12,79
647,Don't Go Breaking My Heart,Elton John,glam rock,1975,2024‑02‑02,131,84,-9,6,78,275,15,3,83
648,24K Magic,Bruno Mars,dance pop,2016,2024‑02‑02,107,80,-4,15,63,226,3,8,83
649,Boogie Wonderland,"Earth, Wind & Fire",disco,1979,2024‑02‑02,132,76,-11,5,96,288,8,3,79
650,Stronger,Kanye West,chicago rap,2007,2024‑02‑02,104,72,-8,41,49,312,1,15,85
651,Can't Get You out of My Head,Kylie Minogue,australian dance,2001,2024‑02‑02,126,56,-8,12,96,231,3,3,80
652,Titanium (feat. Sia),David Guetta,big room,2012,2024‑02‑02,126,79,-4,13,30,245,7,10,84
653,Alors on danse - Radio Edit,Stromae,belgian pop,2010,2024‑02‑02,120,59,-9,7,71,206,10,8,81
654,Gasolina,Daddy Yankee,latin hip hop,2004,2024‑02‑02,96,80,-7,8,74,193,32,6,85
655,"Give Me Everything (feat. Ne-Yo, Afrojack & Nayer)",Pitbull,dance pop,2011,2024‑02‑02,129,94,-3,30,53,252,19,16,86
656,International Love (feat. Chris Brown),Pitbull,dance pop,2011,2024‑02‑02,120,86,-3,34,65,227,1,5,81
657,Destination Calabria - Radio Edit,Alex Gaudino,disco house,2007,2024‑02‑02,128,95,-5,29,31,223,0,4,79
658,I Want You Back,The Jackson 5,motown,1969,2024‑02‑02,197,54,-14,37,89,176,31,6,81
659,Kiss,Prince,funk,1986,2024‑02‑02,111,27,-12,5,74,226,1,9,78
660,Blue (Da Ba Dee) - Gabry Ponte Ice Pop Radio,Eiffel 65,eurodance,1999,2024‑02‑02,128,97,-11,39,77,284,26,6,79
661,I Love Rock 'N Roll,Joan Jett & the Blackhearts,glam punk,1981,2024‑02‑02,94,72,-5,66,90,175,33,4,81
662,Locked out of Heaven,Bruno Mars,dance pop,2012,2024‑02‑02,144,70,-4,31,87,233,5,4,92
663,The Final Countdown,Europe,album rock,1986,2024‑02‑02,118,84,-7,6,19,310,6,6,80
664,Oops!...I Did It Again,Britney Spears,dance pop,2000,2024‑02‑02,95,83,-5,36,89,211,30,4,82
665,Family Affair,Mary J. Blige,dance pop,2001,2024‑02‑02,93,55,-4,9,97,266,13,4,83
666,All That She Wants,Ace of Base,eurodance,1993,2024‑02‑02,94,63,-10,10,86,211,1,5,79
667,I Wanna Dance with Somebody (Who Loves Me),Whitney Houston,dance pop,1987,2024‑02‑02,119,82,-9,9,87,291,21,5,85
668,Sugar (feat. Francesco Yates),Robin Schulz,deep euro house,2015,2024‑02‑02,123,82,-5,16,64,219,2,6,81
669,Stayin' Alive,Bee Gees,disco,1979,2024‑02‑02,104,83,-7,18,95,285,3,3,80
670,Take A Chance On Me,ABBA,europop,1977,2024‑02‑02,107,68,-8,24,92,244,16,3,79
671,Sweet Dreams (Are Made of This) - Remastered,Eurythmics,dance rock,1983,2024‑02‑02,125,71,-7,12,88,217,23,3,86
672,Gold Digger,Kanye West,chicago rap,2005,2024‑02‑02,93,70,-6,6,62,208,2,35,85
673,Hips Don't Lie (feat. Wyclef Jean),Shakira,colombian pop,2005,2024‑02‑02,100,82,-6,41,76,218,28,7,87
674,Ride Wit Me,Nelly,dance pop,2000,2024‑02‑02,102,70,-6,24,72,292,6,5,79
675,No Lie,Sean Paul,dance pop,2018,2024‑02‑02,102,88,-3,21,46,221,5,12,84
676,L'Amour Toujours,Gigi D'Agostino,eurodance,2001,2024‑02‑02,139,88,-4,36,74,242,8,3,78
677,9 to 5,Dolly Parton,classic country pop,1980,2024‑02‑02,105,78,-6,63,81,162,42,5,80
678,This Girl (Kungs Vs. Cookin' On 3 Burners),Kungs,edm,2016,2024‑02‑02,122,72,-5,23,47,196,9,4,80
679,DJ Got Us Fallin' In Love (feat. Pitbull),USHER,atl hip hop,2010,2024‑02‑02,120,86,-3,8,65,221,3,11,84
680,More Than You Know,Axwell /\ Ingrosso,edm,2017,2024‑02‑02,123,74,-5,31,57,203,3,3,83
681,Rock Your Body,Justin Timberlake,dance pop,2002,2024‑02‑02,101,71,-6,5,82,267,20,14,83
682,Call Me Maybe,Carly Rae Jepsen,canadian pop,2012,2024‑02‑02,120,58,-7,11,66,193,1,4,85
683,Scream & Shout,will.i.am,dance pop,2013,2024‑02‑02,130,69,-7,13,50,283,2,7,82
684,TiK ToK,Kesha,dance pop,2010,2024‑02‑02,120,84,-3,29,71,200,10,14,86
685,Stayin' Alive,Bee Gees,disco,1977,2024‑02‑02,104,54,-20,9,64,93,11,4,81
686,Smack That,Akon,dance pop,2006,2024‑02‑02,119,74,-5,11,92,212,32,5,88
687,Danza Kuduro,Don Omar,latin hip hop,2010,2024‑02‑02,89,92,-5,5,88,199,8,28,83
688,Crazy In Love (feat. Jay-Z),Beyoncé,pop,2003,2024‑02‑02,99,77,-7,7,68,236,0,23,82
689,Return of the Mack,Mark Morrison,british soul,1996,2024‑02‑02,95,83,-5,16,61,213,1,11,79
690,You Can't Hurry Love - 2016 Remaster,Phil Collins,rock drums,1982,2024‑02‑02,98,94,-5,7,76,176,3,3,80
691,Can't Hold Us (feat. Ray Dalton),Macklemore & Ryan Lewis,pop rap,2012,2024‑02‑02,146,92,-4,9,85,258,3,8,83
692,Got My Mind Set on You,George Harrison,album rock,1987,2024‑02‑02,149,85,-7,49,96,235,46,4,77
693,Latch,Disclosure,edm,2013,2024‑02‑02,122,73,-5,9,52,256,2,17,78
694,Cheerleader (Felix Jaehn Remix) - Radio Edit,OMI,reggae fusion,2015,2024‑02‑02,118,69,-6,16,60,181,17,3,82
695,Waiting For Love,Avicii,dance pop,2015,2024‑02‑02,128,74,-4,20,61,231,31,5,84
696,Wild Ones (feat. Sia),Flo Rida,dance pop,2012,2024‑02‑02,127,86,-5,26,44,233,10,6,82
697,Good Feeling,Flo Rida,dance pop,2012,2024‑02‑02,128,89,-4,31,68,248,6,7,81
698,Sexy Bitch (feat. Akon),David Guetta,big room,2010,2024‑02‑02,130,63,-5,13,80,196,8,5,81
699,Memories (feat. Kid Cudi),David Guetta,big room,2010,2024‑02‑02,130,87,-6,25,50,210,0,34,81
700,"December, 1963 (Oh What a Night!)",Frankie Valli & The Four Seasons,adult standards,1975,2024‑02‑02,104,50,-13,5,97,197,6,3,78
701,Good Time,Owl City,indietronica,2012,2024‑02‑02,126,87,-4,37,68,206,2,14,79
702,Gimme! Gimme! Gimme! (A Man After Midnight),ABBA,europop,1979,2024‑02‑02,120,49,-10,16,54,293,2,4,84
703,Come On Eileen,Dexys Midnight Runners,new romantic,1982,2024‑02‑02,107,66,-7,26,78,287,66,5,79
704,Waka Waka (This Time for Africa) [The Official 2010 FIFA World Cup (TM) Song] (feat. Freshlyground),Shakira,colombian pop,2023,2024‑02‑02,127,91,-4,15,62,202,0,25,79
705,Hot N Cold,Katy Perry,pop,2008,2024‑02‑02,132,84,-4,7,86,220,0,4,77
706,Call on Me - Radio Mix,Eric Prydz,edm,2004,2024‑02‑02,126,84,-7,84,45,171,0,38,78
707,Foo2 (Msh Ader),Medhat Saleh,arab pop,2024,2024‑02‑02,72,33,-9,6,57,220,59,5,45
708,Mesh Kefaya,Ramy Gamal,arab pop,2018,2024‑02‑02,130,40,-11,14,32,336,69,3,36
709,قلبي ياللي كلامي عندك,Hoda Bondok,mahraganat,2023,2024‑02‑02,186,93,-1,10,68,199,15,23,57
710,Hala Khasa Gedan,Angham,arab pop,2019,2024‑02‑02,119,52,-8,7,36,286,65,6,51
711,3Yat El Roh,Esaf,,2024,2024‑02‑02,140,44,-10,10,49,221,82,4,38
712,بيتكلم عليا,George Wassouf,arab pop,2022,2024‑02‑02,174,84,-5,23,23,257,4,10,52
713,Benlf w Nedor,Rahal,,2023,2024‑02‑02,120,57,-5,20,18,213,9,3,38
714,Ya Dayra,Amr Mostafa,arab pop,2022,2024‑02‑02,160,33,-10,11,59,206,64,8,40
715,البوصلة ضاعت,Marwan Moussa,egyptian hip hop,2019,2024‑02‑02,107,50,-10,12,30,210,67,13,60
716,منحوس,Wegz,egyptian hip hop,2020,2024‑02‑02,112,42,-12,8,29,246,67,6,48
717,Msh Madmoun,Mahmoud El Esseily,arab pop,2017,2024‑02‑02,164,64,-7,10,85,254,4,8,55
718,Khalina Zekra,Wael Jassar,arab pop,2011,2024‑02‑02,159,72,-6,25,54,256,40,15,58
719,الكدابين,Sherine,arab pop,2018,2024‑02‑02,170,72,-6,18,66,249,71,13,59
720,Akeed Rag3een,Hamza Namira,arab pop,2023,2024‑02‑02,137,39,-10,11,39,148,50,6,40
721,انا بكيت,Code Masr,egyptian alternative,2023,2024‑02‑02,115,34,-10,9,26,261,94,3,33
722,Mahabetnesh,Muslim - مُسلِم,egyptian alternative,2023,2024‑02‑02,75,40,-11,19,31,259,71,4,56
723,Ana Msh Shamtan,Mohamed Rashad,egyptian viral pop,2021,2024‑02‑02,136,78,-6,20,79,246,20,7,36
724,Haytna - From Bhabak Movie,Tamer Hosny,arab pop,2023,2024‑02‑02,140,56,-6,21,41,224,28,3,43
725,Metkatef,Amir Eid,egyptian alternative,2023,2024‑02‑02,128,39,-9,10,19,207,51,4,58
726,baet wahdak,Adham Seliman,arab pop,2023,2024‑02‑02,99,54,-6,12,31,225,76,4,48
727,Noss Omry,George Wassouf,arab pop,2023,2024‑02‑02,160,68,-6,36,34,188,53,17,46
728,Sogara,Afroto,egyptian hip hop,2020,2024‑02‑02,99,49,-8,14,52,255,57,4,51
729,Meen Fe Dol,Ahmed Kamel,egyptian pop,2021,2024‑02‑02,92,57,-9,13,33,236,24,18,52
730,Asda2 Meen,عطار,egyptian pop,2024,2024‑02‑02,110,64,-8,23,52,164,40,12,40
731,كان ليا حبايب,Hoda Bondok,mahraganat,2023,2024‑02‑02,140,45,-9,12,31,258,56,5,53
732,El Omr Kollo,Bahaa Sultan,arab pop,2023,2024‑02‑02,73,56,-7,23,30,261,52,13,44
733,Loon Bahet,Mohamed Chahine,egyptian pop,2023,2024‑02‑02,140,51,-8,13,67,242,47,7,46
734,Demoua',Hamada Helal,arab pop,2000,2024‑02‑02,83,59,-6,16,33,359,67,7,37
735,ميت انا مش عارفني,Essam Sasa,egyptian pop,2022,2024‑02‑02,97,71,-5,50,48,164,66,8,48
736,Leih Beyfakkarouny,Mohamed Mohie,arab pop,2001,2024‑02‑02,140,55,-10,22,53,280,35,3,44
737,Sabok Fel Beit,Muslim - مُسلِم,egyptian alternative,2023,2024‑02‑02,151,50,-9,12,30,310,84,11,52
738,Rehla,Muhab,egyptian trap,2023,2024‑02‑02,105,35,-15,7,26,224,60,20,59
739,عز,Muslim,egyptian pop,2023,2024‑02‑02,110,55,-14,11,40,183,31,12,46
740,Elly Yemshy 3ady,Dalia,khaliji,2021,2024‑02‑02,156,66,-6,10,63,280,56,4,44
741,Haoul W Esmaa,Ahmed Batshan,arab pop,2023,2024‑02‑02,150,56,-8,13,52,246,74,3,46
742,Aamel Eh Fe Hayatak,Amer Mounib,arab pop,2019,2024‑02‑02,184,56,-11,10,85,198,28,5,55
743,متفقين,Afroto,egyptian hip hop,2019,2024‑02‑02,115,45,-9,11,38,219,50,4,44
744,هنتقابل بعدين,Haytham Shaker,arab pop,2022,2024‑02‑02,130,39,-11,28,55,270,84,4,32
745,B3edt,Ahmed Saad,arab pop,2022,2024‑02‑02,85,11,-11,27,39,124,97,4,53
746,ونندم,Amr Diab,arab pop,1990,2024‑02‑02,97,41,-13,21,79,240,49,7,41
747,Mraite,Xoureldin,egyptian alternative,2021,2024‑02‑02,98,30,-13,8,12,181,54,4,49
748,Khanat El-Zekrayat,Assala Nasri,arab pop,2015,2024‑02‑02,162,66,-9,55,42,293,31,19,51
749,Dari Ya Alby,Hamza Namira,arab pop,2018,2024‑02‑02,78,48,-13,11,77,270,90,8,57
750,Eb2a 2ablny,Fadel Chaker,arab pop,2020,2024‑02‑02,160,57,-7,10,35,352,14,4,49
751,Ward Senaaey,Tamer Hosny,arab pop,2018,2024‑02‑02,89,57,-9,15,27,223,16,21,45
752,Rakam Wahd Fel Grah,Tarek El Sheikh,shaabi,2023,2024‑02‑02,76,53,-7,31,49,184,55,6,44
753,Meen Kan Sabab,Muslim - مُسلِم,egyptian alternative,2022,2024‑02‑02,83,40,-11,11,16,269,83,8,58
754,Lama Bentgahel,Assala Nasri,arab pop,2023,2024‑02‑02,172,67,-6,10,89,206,64,7,50
755,Ally El Wadaa,Amr Diab,arab pop,2003,2024‑02‑02,85,56,-8,9,65,194,7,5,59
756,Ganna Tekfena,Mahmoud El Esseily,arab pop,2020,2024‑02‑02,78,29,-11,14,30,251,91,3,55
757,Ana Law Zalana,Ruby,arab pop,2021,2024‑02‑02,142,41,-10,10,51,252,75,3,36
758,Ana Lewahdy,Ramy Gamal,arab pop,2020,2024‑02‑02,83,66,-7,33,54,294,60,6,37
759,Ereft Elly Feiha,Tamer Hosny,arab pop,2007,2024‑02‑02,140,31,-13,8,41,235,52,3,45
760,El Ayam El Helwa,Ehab Tawfik,arab pop,1999,2024‑02‑02,166,39,-11,25,61,225,44,4,41
761,Baraje'i Nafsi,Sherine,arab pop,2008,2024‑02‑02,170,35,-7,9,17,164,49,4,33
762,Had Men Jilak,Mohamed Osama,,2024,2024‑02‑02,120,34,-4,13,28,201,92,3,36
763,Tamselia,Mahmoud El Esseily,arab pop,2020,2024‑02‑02,176,49,-9,11,57,245,42,7,35
764,مش كفاية فراق,Mohamed Hamaki,arab pop,2023,2024‑02‑02,85,54,-8,35,36,274,11,6,49
765,Ana Ghaltan,Bahaa Sultan,arab pop,2021,2024‑02‑02,88,71,-8,12,49,268,39,6,56
766,Tamally,Tamer Ashour,arab pop,2022,2024‑02‑02,160,63,-7,11,62,240,47,8,43
767,Met3shm Fe Men,Mohamed Chahine,egyptian pop,2023,2024‑02‑02,138,52,-8,10,65,239,16,11,43
768,Ghareibah El Nas,Wael Jassar,arab pop,2008,2024‑02‑02,137,74,-8,8,81,265,8,5,58
769,Kefaya,Adham Seliman,arab pop,2022,2024‑02‑02,140,60,-5,9,24,293,39,4,42
770,كل حاجة بتعدي - كايروكي من الاستوديو,Cairokee,arab alternative,2020,2024‑02‑02,172,40,-13,12,50,204,75,5,53
771,Dadena,Bahaa Sultan,arab pop,2023,2024‑02‑02,104,77,-7,7,86,198,27,7,48
772,Hawel Tensany,Ramy Sabry,arab pop,2019,2024‑02‑02,82,61,-7,10,70,220,36,10,38
773,Osad Babek,Ahmed Kamel,egyptian pop,2020,2024‑02‑02,84,50,-11,23,28,257,41,5,45
774,Cyber Moon,Rie a.k.a. Suzaku,hel,2013,2024‑02‑02,125,87,-4,14,10,219,0,9,21
775,Born This Way,BAD HOP,j-rap,2019,2024‑02‑02,146,47,-10,23,27,167,1,21,41
776,Ashura,TAEYO,,2020,2024‑02‑02,100,85,-6,19,59,144,10,8,29
777,King & Ashley,MY FIRST STORY,j-pop,2019,2024‑02‑02,108,96,-4,12,44,204,0,11,51
778,The Opera House of Illusions,Emille's Moonlight Serenade,,2018,2024‑02‑02,183,94,-2,22,42,359,0,7,21
779,Falling Down,Sho from MY FIRST STORY,,2020,2024‑02‑02,170,98,-5,32,17,100,0,8,34
780,Make Me Crazy,UNDEAD CORPORATION,doujin,2020,2024‑02‑02,100,94,-4,32,39,254,0,7,34
781,Behavior Observation,Atsushi Takayama,,2020,2024‑02‑02,138,99,-5,33,24,184,2,11,23
782,Mangekyo,RagDollz,,2020,2024‑02‑02,110,89,-5,35,18,317,0,8,26
783,In Your Face,PABLO,,2020,2024‑02‑02,103,92,-5,38,6,90,0,10,29
784,Future Destination,Kelly SIMONZ,,2020,2024‑02‑02,87,68,-3,16,36,195,0,5,24
785,The Animal Fighter,Kenji Fujisawa,,2020,2024‑02‑02,88,95,-4,9,40,288,0,7,34
786,Black Phantom,Shuji Katayama,,2020,2024‑02‑02,108,96,-5,35,33,201,0,9,22
787,Battle Of Guild,FROZEN CAKE BAR,,2020,2024‑02‑02,90,97,-4,36,29,190,1,26,22
788,Future,SIRENT SCREEM,,2020,2024‑02‑02,85,97,-4,24,43,282,0,12,26
789,Meidoeno Inori,Magdalene Ju-nen,,2020,2024‑02‑02,135,70,-6,18,4,286,15,5,20
790,Dengeki Raigo,Yaiba,,2020,2024‑02‑02,126,95,-4,15,30,243,0,8,23
791,Dark Angel,Funta7,,2020,2024‑02‑02,140,93,-4,34,50,198,0,8,23
792,Verum Cur Non Audimus,Regnum Caelorum Et Gehenna,,2020,2024‑02‑02,121,99,-3,33,15,226,0,10,20
793,Kishin,Kiji (kyosokarma),,2020,2024‑02‑02,157,98,-5,5,41,291,0,6,29
794,It'S All Over,NEPHILIM,,2020,2024‑02‑02,105,86,-4,43,37,269,0,9,21
795,Megabullets,FATE GEAR,japanese power metal,2020,2024‑02‑02,170,95,-4,33,32,222,0,11,28
796,Standing On The Grave Of Yesterday,Silex,,2020,2024‑02‑02,148,94,-3,32,14,335,0,7,23
797,Beautiful Beast,Yasuharu Takanashi,anime,2020,2024‑02‑02,180,89,-3,24,20,277,0,6,26
798,Bakko Hurricane,Bakudan Koukiatsu,,2020,2024‑02‑02,96,97,-3,30,42,268,0,6,20
799,Knock Me Down,KATAMALI,,2020,2024‑02‑02,112,93,-5,11,34,295,1,4,24
800,Last Dragon,Galactica Phantom,,2020,2024‑02‑02,77,99,-3,9,8,265,0,12,24
801,The Moment,BRIDEAR,idol rock,2020,2024‑02‑02,100,95,-4,7,38,193,0,10,25
802,Here It Comes-Ogre,K-A-Z,,2020,2024‑02‑02,115,96,-5,35,11,359,0,9,22
803,Karuma,Amaterasu,,2020,2024‑02‑02,170,93,-4,10,42,297,0,8,29
804,The Fall,Alice In Hell,,2020,2024‑02‑02,85,99,-5,11,58,202,0,7,24
805,The Emperor,Zing!,,2020,2024‑02‑02,110,98,-3,33,39,239,0,18,34
806,Axis of Hate,DEVIL WITHIN,japanese death metal,2019,2024‑02‑02,120,100,-2,31,19,261,0,15,30
807,Kengan,Yasuharu Takanashi,anime,2020,2024‑02‑02,140,97,-4,33,62,118,0,11,43
808,Gekitotsu,Yasuharu Takanashi,anime,2020,2024‑02‑02,90,94,-5,26,36,134,0,7,37
809,Kyouteki,Yasuharu Takanashi,anime,2020,2024‑02‑02,140,98,-4,5,68,122,0,5,35
810,Eccentric Parade,Akinari Suzuki,,2020,2024‑02‑02,128,91,-6,16,80,218,0,3,17
811,Kaisen,Yasuharu Takanashi,anime,2020,2024‑02‑02,142,85,-6,24,38,202,0,5,24
812,Shitou,Yasuharu Takanashi,anime,2020,2024‑02‑02,95,96,-4,28,35,152,0,5,31
813,Sorrow Like Lightning / Ai-shiden-issen,Happy Heads NANIYORI,japanese metalcore,2020,2024‑02‑02,104,94,-4,8,71,192,0,15,36
814,سيبك من كرته المواقع ( خد كشاف انا عارف انك ياض بتخاف ),Ameen Khattab,mahraganat,2023,2024‑02‑02,116,87,-4,6,84,248,38,5,58
815,يلا نلعبو جوله,حوده بوده,mahraganat,2024,2024‑02‑02,115,81,-3,7,83,48,16,9,55
816,اختياراتي - من فيلم مستر إكس,Ahmed Saad,arab pop,2023,2024‑02‑02,120,80,-4,15,85,170,7,4,66
817,طب هص,Eslam Kabonga,mahraganat,2023,2024‑02‑02,106,90,-2,18,80,356,12,11,58
818,الوتر الحساس,Sherine,arab pop,2018,2024‑02‑02,140,82,-5,63,91,261,46,5,74
819,كلام عينيه,Sherine,arab pop,2018,2024‑02‑02,132,76,-5,19,75,236,5,4,77
820,Reyah El Hayah,Hamza Namira,arab pop,2023,2024‑02‑02,174,52,-8,10,69,229,79,6,59
821,Wo3ood,Afroto,egyptian hip hop,2024,2024‑02‑02,140,30,-11,20,14,252,73,4,53
822,انا مش لومانجى ( نازل نيابه عندى جلسه ),Eslam Kabonga,mahraganat,2023,2024‑02‑02,110,77,-2,19,92,330,21,9,58
823,YAZMEELY,Muhab,egyptian trap,2023,2024‑02‑02,100,47,-9,11,22,197,57,4,66
824,Ya Layaly,Ahmed Saad,arab pop,2023,2024‑02‑02,140,70,-6,13,93,187,33,4,66
825,Khaleny Fe Hodnak,Tamer Ashour,arab pop,2022,2024‑02‑02,130,68,-5,18,44,197,14,3,65
826,زماني صابني عيار,Magdy El Zahar,egyptian viral pop,2023,2024‑02‑02,110,89,-1,10,80,190,47,12,55
827,قراميط قراميط و الهلافيت عاملين مظابيط (صحبي اللي اداك يدينا ),Karim Cristiano,mahraganat,2023,2024‑02‑02,112,98,1,21,78,231,17,18,61
828,جيت متأخر,Ramy Gamal,arab pop,2023,2024‑02‑02,84,64,-7,7,76,199,11,5,65
829,Fel Galeed,Lege-Cy,egyptian hip hop,2024,2024‑02‑02,120,73,-6,39,66,187,61,7,58
830,Lelly Yah - Remastered,Marwan Pablo,egyptian hip hop,2023,2024‑02‑02,120,63,-6,21,39,188,17,9,58
831,منحرفين ( في حضورنا الدنيا بتتشقلب ),Essam Sasa,egyptian pop,2024,2024‑02‑02,110,92,-1,36,88,183,13,6,55
832,Mawahashtkesh !!? - From Hormone El Saada Album,Tamer Hosny,arab pop,2024,2024‑02‑02,79,45,-10,9,10,327,30,4,61
833,Gheyrak Hawel,Muslim,egyptian viral pop,2023,2024‑02‑02,123,97,-5,29,55,195,28,6,62
834,Aleb Fel Dafater,Muslim - مُسلِم,egyptian alternative,2022,2024‑02‑02,82,50,-9,17,37,306,53,14,64
835,بوم تش,اسلام كابونجا,mahraganat,2023,2024‑02‑02,107,93,-1,26,89,312,31,16,58
836,بونجور هلعب جولة وطفو النور,Eslam Kabonga,mahraganat,2023,2024‑02‑02,108,86,-2,13,69,356,7,11,52
837,ايويا يا حبيبتي وحشتيني - مهرجان - ايويا يا حبيبتي وحشتيني - اسلام كابونجا - كلوشه - توزيع فيجو الدخلاوي - مهرجانات 2023,Eslam Kabonga,mahraganat,2023,2024‑02‑02,107,89,-1,27,83,434,33,11,69
838,مخصماك,Nawal,egyptian pop,2022,2024‑02‑02,108,88,-5,5,96,195,55,4,65
839,QLONA,KAROL G,reggaeton,2023,2024‑02‑02,170,74,-7,9,48,173,52,31,93
840,"Young Miko: Bzrp Music Sessions, Vol. 58",Bizarrap,argentine hip hop,2024,2024‑02‑02,96,57,-8,12,44,190,59,16,94
841,LUNA,Feid,colombian pop,2023,2024‑02‑02,100,86,-3,12,45,197,13,13,97
842,Cruel Summer,Taylor Swift,pop,2019,2024‑02‑02,170,70,-6,11,56,178,12,16,99
843,Paint The Town Red,Doja Cat,dance pop,2023,2024‑02‑02,100,56,-8,11,73,230,26,19,88
844,Agora Hills,Doja Cat,dance pop,2023,2024‑02‑02,123,69,-6,13,38,265,18,10,86
845,"yes, and?",Ariana Grande,pop,2024,2024‑02‑02,119,76,-7,10,82,215,20,5,97
846,La Diabla,Xavi,sad sierreno,2023,2024‑02‑02,132,82,-4,24,70,172,26,4,99
847,HISS,Megan Thee Stallion,houston rap,2024,2024‑02‑02,167,66,-5,21,69,193,8,42,84
848,redrum,21 Savage,atl hip hop,2024,2024‑02‑02,172,74,-8,50,25,271,1,5,95
849,Feather,Sabrina Carpenter,pop,2023,2024‑02‑02,124,69,-4,9,84,186,9,3,93
850,La Víctima,Xavi,sad sierreno,2023,2024‑02‑02,140,84,-4,11,67,156,15,8,96
851,"What Was I Made For? [From The Motion Picture ""Barbie""]",Billie Eilish,art pop,2023,2024‑02‑02,78,9,-18,10,14,222,96,3,95
852,Unwritten,Natasha Bedingfield,dance pop,2004,2024‑02‑02,100,80,-6,8,63,259,1,4,90
853,BELLAKEO,Peso Pluma,corridos tumbados,2023,2024‑02‑02,180,88,-3,15,46,197,6,10,95
854,HARLEY QUINN,Fuerza Regida,corrido,2023,2024‑02‑02,125,74,-6,22,59,143,3,6,94
855,Die For You,The Weeknd,canadian contemporary r&b,2016,2024‑02‑02,134,53,-7,13,51,260,11,6,91
856,PERRO NEGRO,Bad Bunny,reggaeton,2023,2024‑02‑02,96,78,-2,18,35,163,9,26,96
857,FIRST LOVE,Oscar Ortiz,corrido,2023,2024‑02‑02,74,59,-6,30,79,169,36,6,90
858,Rich Baby Daddy (feat. Sexyy Red & SZA),Drake,canadian hip hop,2023,2024‑02‑02,146,73,-5,38,14,319,4,5,93
859,Que Onda,Calle 24,corrido,2023,2024‑02‑02,125,94,-5,14,94,191,18,4,94
860,Prada,cassö,uk contemporary r&b,2023,2024‑02‑02,142,72,-6,11,42,132,0,4,94
861,Popular (with Playboi Carti & Madonna) - From The Idol Vol. 1 (Music from the HBO Original Series),The Weeknd,canadian contemporary r&b,2023,2024‑02‑02,99,68,-6,41,85,215,6,19,96
862,Dance The Night - From Barbie The Album,Dua Lipa,dance pop,2023,2024‑02‑02,110,85,-5,33,78,177,2,5,93
863,Seven (feat. Latto) (Explicit Ver.),Jung Kook,k-pop,2023,2024‑02‑02,125,83,-4,8,87,184,31,4,90
864,Standing Next to You,Jung Kook,k-pop,2023,2024‑02‑02,106,81,-4,34,82,206,4,10,96
865,Houdini,Dua Lipa,dance pop,2023,2024‑02‑02,117,79,-5,9,87,186,0,6,94
866,As It Was,Harry Styles,pop,2022,2024‑02‑02,174,73,-5,31,66,167,34,6,95
867,Murder On The Dancefloor,Sophie Ellis-Bextor,dance pop,2002,2024‑02‑02,117,85,-5,31,89,230,0,3,93
868,I Remember Everything (feat. Kacey Musgraves),Zach Bryan,classic oklahoma country,2023,2024‑02‑02,78,45,-8,10,16,227,55,5,94
869,Yellow,Coldplay,permanent wave,2000,2024‑02‑02,173,66,-7,23,28,267,0,3,93
870,Riptide,Vance Joy,folk-pop,2014,2024‑02‑02,102,73,-7,15,51,204,43,4,90
871,Lose Control,Teddy Swims,,2023,2024‑02‑02,160,60,-4,10,24,211,20,3,92
872,Praise Jah In The Moonlight,YG Marley,,2023,2024‑02‑02,125,73,-4,52,42,263,13,4,85
873,When I Was Your Man,Bruno Mars,dance pop,2012,2024‑02‑02,73,28,-9,9,39,214,93,4,91
874,Just the Way You Are,Bruno Mars,dance pop,2010,2024‑02‑02,109,84,-5,6,42,221,1,4,83
875,براحة يا شيخة,Bahaa Sultan,arab pop,2023,2024‑02‑02,110,75,-6,14,89,180,23,3,65
876,Regalo De Dios,Julión Álvarez y su Norteño Banda,banda,2023,2024‑02‑02,109,52,-6,9,92,186,20,3,84
877,Wiseman,unshackled,,2021,2024‑02‑02,96,24,-16,13,6,211,84,4,52
878,Peak of Love,Aldi Haqq,,2023,2024‑02‑02,148,25,-12,12,31,242,30,3,66
879,I’d Rather Overdose,HONESTAV,,2024,2024‑02‑02,107,61,-10,13,39,236,2,7,76
880,2 days into college,Aimee Carty,,2023,2024‑02‑02,129,30,-11,14,72,168,97,7,67
881,ONE CALL,Rich Amiri,rage rap,2023,2024‑02‑02,158,54,-7,11,25,121,1,6,80
882,Stumblin' In,CYRIL,,2023,2024‑02‑02,126,52,-8,13,37,213,6,6,80
883,Husn,Anuv Jain,desi pop,2023,2024‑02‑02,152,38,-10,14,24,218,68,3,88
884,Made For Me,Muni Long,indie r&b,2023,2024‑02‑02,120,47,-6,13,6,188,14,3,76
885,TRUE,YOARI,,2023,2024‑02‑02,168,44,-10,15,12,192,53,6,77
886,Nothing Matters,The Last Dinner Party,,2023,2024‑02‑02,101,80,-5,18,60,182,3,4,80
887,Buscando Money,TWENTY SIX,,2023,2024‑02‑02,128,81,-7,7,73,150,9,6,75
888,Plaster,Szpaku,polish hip hop,2024,2024‑02‑02,178,80,-5,25,12,155,2,23,76
889,M.A.I,Milo j,trap argentino,2023,2024‑02‑02,80,57,-6,23,51,184,76,3,83
890,"Ishq Nachaawe - From ""Kho Gaye Hum Kahan""",Karan Kanchan,desi hip hop,2023,2024‑02‑02,78,66,-5,9,33,221,40,10,72
891,Dubidubidu (Chipi Chipi Chapa Chapa),Christell,,2003,2024‑02‑02,148,92,-6,30,98,226,14,5,69
892,DOĞUŞTAN BERİ HAKLIYIM (tmm),Lvbel C5,turkce drill,2024,2024‑02‑02,120,54,-6,9,96,134,63,9,82
893,Like I Do,J.Tajor,,2022,2024‑02‑02,105,49,-6,11,62,149,67,4,77
894,Apa Fer Milaangey,Savi Kahlon,,2023,2024‑02‑02,140,32,-16,10,77,213,89,49,76
895,Perna Bamba,Parangolé,axe,2023,2024‑02‑02,134,89,-3,37,96,127,35,7,63
896,Koi Si,Afsana Khan,punjabi pop,2023,2024‑02‑02,125,61,-8,21,61,200,81,6,73
897,Half of forever,Henrik,,2024,2024‑02‑02,77,31,-7,26,48,153,73,3,73
898,ติดฝน (rain),PiXXiE,t-pop,2023,2024‑02‑02,174,48,-5,23,45,197,73,5,71
899,"Urugi Urugi - From ""Joe""",Siddhu Kumar,tamil pop,2023,2024‑02‑02,108,51,-7,9,48,223,83,3,64
900,CLEARED - Remix,Lilithzplug,,2023,2024‑02‑02,130,59,-9,8,46,126,69,8,81
901,Baby Eu Tava na Rua da Água,TR,,2023,2024‑02‑02,84,70,3,31,72,116,27,20,77
902,Bling-Bang-Bang-Born,Creepy Nuts,j-pop,2024,2024‑02‑02,157,82,-7,17,75,168,8,25,90
903,Wall Of Eyes,The Smile,uk post-punk revival,2024,2024‑02‑02,142,37,-15,10,64,306,81,4,66
904,Friend Of A Friend,The Smile,uk post-punk revival,2024,2024‑02‑02,123,31,-12,11,26,275,57,3,64
905,Pi Po Po Po Ro Po,Pedrinha Moraes,,2024,2024‑02‑02,124,96,-5,38,62,175,46,7,66
906,Bad Feeling (Oompa Loompa),Jagwar Twin,,2023,2024‑02‑02,190,81,-4,8,90,134,9,12,82
907,Poison - Hazbin Hotel Original Soundtrack,Blake Roman,otacore,2024,2024‑02‑02,75,78,-5,10,46,128,2,6,82
908,ARABA,M Lisa,,2024,2024‑02‑02,90,65,-8,8,59,133,48,6,78
909,Aa,Roach Killa,bhangra,2023,2024‑02‑02,100,59,-7,54,72,163,12,6,70
910,Kapak Olsun,Defkhan,turkish hip hop,2023,2024‑02‑02,120,55,-8,28,30,147,22,4,76
911,Ebda' Men Gedid,Al Massrieen,arab groove,2017,2024‑02‑02,91,76,-7,10,77,228,35,5,30
912,Sah,Al Massrieen,arab groove,2017,2024‑02‑02,119,52,-10,6,96,224,63,22,44
913,Longa 79,Al Massrieen,arab groove,2017,2024‑02‑02,153,90,-5,36,83,212,36,8,36
914,Mafatshi Leh,Al Massrieen,arab groove,2017,2024‑02‑02,127,62,-9,25,38,170,0,3,46
915,El Bahr Azra,Al Massrieen,arab groove,2017,2024‑02‑02,102,66,-7,29,37,358,25,3,39
916,أنا وقهوتي,Rashad ComBal,,2023,2024‑02‑02,150,45,-11,12,69,157,88,11,48
917,النجدة,Rashad ComBal,,2024,2024‑02‑02,120,34,-11,10,62,209,89,9,48
918,Kiss,TootArd,arab alternative,2020,2024‑02‑02,130,62,-9,4,85,213,0,3,42
919,Law Kan Be Eady,Hany Shnoda Ferqet Masr,,1984,2024‑02‑02,148,43,-14,26,83,173,43,3,34
920,اللي نفسه فيا بيتي ميتوهش,كلوشه,egyptian viral pop,2023,2024‑02‑02,108,95,-1,37,91,379,34,10,56
921,Mafatsh Leih,El Masreyeen,,1977,2024‑02‑02,127,57,-11,39,52,166,1,3,33
922,El Shawarea Hawadeet,El Masreyeen,,1977,2024‑02‑02,199,47,-14,13,44,339,7,4,39
923,née-nah,21 Savage,atl hip hop,2024,2024‑02‑02,165,76,-7,57,32,221,0,23,90
924,من صغري عقباوي,اسلام كابونجا,mahraganat,2023,2024‑02‑02,107,89,-1,9,84,265,24,7,52
925,El Hop Elly Kan,Mayada El Hennawy,arab pop,1997,2024‑02‑02,93,52,-11,31,62,"1,185",66,4,52
926,Abdaa Men Gedeed,Hany Shnoda Ferqet Masr,,1982,2024‑02‑02,91,46,-15,11,82,225,55,4,33
927,Lama Kan El Bahr Azraa,Hany Shnoda Ferqet Masr,,1982,2024‑02‑02,102,30,-17,61,53,353,60,3,42
928,Hazeny,Hany Shnoda Ferqet Masr,,1982,2024‑02‑02,125,60,-15,12,96,311,9,5,36
929,Nothing's New,Rio Romeo,pov: indie,2022,2024‑02‑02,96,39,-8,10,40,211,86,3,87
930,اسأل عني,Nour El Nabawy,mahraganat,2023,2024‑02‑02,124,96,-3,33,58,166,2,8,46
931,اهي مشيت,farid,arab pop,2023,2024‑02‑02,150,60,-5,11,46,225,62,3,53
932,سخنت,ZIAD ZAZA,egyptian trap,2024,2024‑02‑02,172,66,-7,9,70,186,85,33,54
933,كالقمر,Rashad ComBal,,2023,2024‑02‑02,109,33,-12,35,62,142,92,7,49
934,99,Lege-Cy,egyptian hip hop,2024,2024‑02‑02,101,72,-8,12,16,195,29,16,54
935,عم الخطر,Fares Sokar,egyptian viral pop,2024,2024‑02‑02,108,90,-1,11,76,329,14,4,41
936,SALAM YABA - سلام يابا,Youssef Rousse - يوسف روسي,egyptian viral pop,2023,2024‑02‑02,120,74,-6,12,85,195,9,5,36
937,Happy Nation,Ace of Base,eurodance,1992,2024‑02‑02,96,86,-5,8,67,255,0,4,77
938,Bécane - A COLORS SHOW,Yamê,,2023,2024‑02‑02,118,53,-8,10,23,182,33,10,87
939,Awkat Ashouf Malamhak,El Masreyeen,,1979,2024‑02‑02,70,37,-15,11,21,363,60,4,40
940,Funk of Suffering,SXID,gym phonk,2023,2024‑02‑02,124,83,-2,31,61,77,30,4,72
941,OM NOM NOM,LXNGVX,phonk brasileiro,2023,2024‑02‑02,130,86,-1,17,49,111,11,6,67
942,ENOUGH!,Eternxlkz,,2023,2024‑02‑02,130,58,-5,22,84,91,4,3,60
943,MURDER PLOT,Kordhell,drift phonk,2022,2024‑02‑02,140,97,-2,11,72,127,0,9,73
944,PSYCHO CRUISE,ONIMXRU,gym phonk,2022,2024‑02‑02,120,76,-11,7,88,151,0,5,72
945,THE AUTOTREM 1.0,DJ RICK 013,funk carioca,2023,2024‑02‑02,130,93,0,20,53,149,11,31,73
946,AREAMATE MIZ,Anar,,2023,2024‑02‑02,120,91,-5,19,70,76,7,15,68
947,YUMMI,LXNGVX,gym phonk,2023,2024‑02‑02,130,81,-3,17,55,96,65,5,79
948,Broken Trust,SAY3AM,,2023,2024‑02‑02,115,86,-7,26,22,138,0,7,73
949,OneShot,msht,,2023,2024‑02‑02,113,100,-3,32,4,153,0,7,74
950,COWBELL GOTH,DRAGONMANE,memphis phonk,2022,2024‑02‑02,143,97,-12,41,34,141,73,44,71
951,POOR,gqtis,gym phonk,2022,2024‑02‑02,120,46,-6,15,53,160,6,9,74
952,BREEZY,NUEKI,phonk brasileiro,2024,2024‑02‑02,195,97,0,25,39,91,3,28,54
953,TREINAMENTO DE FORÇA,TRXVELER,,2023,2024‑02‑02,130,96,-1,80,55,126,0,5,76
954,AVOID ME,KUTE,aggressive phonk,2022,2024‑02‑02,114,96,-2,78,97,106,12,10,75
955,Override,KSLV Noh,drift phonk,2021,2024‑02‑02,111,76,-5,18,54,115,0,16,75
956,Robot Rock (Funk),DJ Paulinho Mondi Da Baixa Baviera,,2023,2024‑02‑02,136,55,-3,9,83,154,0,25,13
957,BIBI PHONK BR,Bibi Babydoll,latin tek,2023,2024‑02‑02,150,98,0,34,86,120,21,27,77
958,WAKE UP!,MoonDeity,,2022,2024‑02‑02,125,62,-5,23,72,143,0,4,78
959,ultraphunk,dashie,dariacore,2023,2024‑02‑02,117,99,1,17,59,115,2,20,77
960,The Automotivo Infernal 1.0 - Purple,MRL,funk carioca,2023,2024‑02‑02,140,91,-2,21,62,115,4,21,74
961,Ashi Ashi,6YNTHMANE,gym phonk,2024,2024‑02‑02,126,99,-2,49,49,110,37,37,55
962,Mexican Phonk Eki,NUEKI,phonk brasileiro,2023,2024‑02‑02,129,96,-4,50,36,98,1,11,76
963,Close Eyes,DVRST,chill phonk,2021,2024‑02‑02,96,57,-10,14,21,132,7,6,81
964,RITMADINHA DANÇANTE,DJ GUDOG,phonk brasileiro,2023,2024‑02‑02,195,66,-5,11,66,126,79,41,76
965,krushed!,$werve,aggressive phonk,2024,2024‑02‑02,110,95,-2,17,35,98,0,4,68
966,Sahara,Hensonn,drift phonk,2021,2024‑02‑02,115,52,-9,11,5,171,15,3,77
967,Crystals,Isolate.exe,,2022,2024‑02‑02,100,73,-10,9,13,139,44,6,77
968,MIDNIGHT,PLAYAMANE,drift phonk,2022,2024‑02‑02,122,43,-9,14,37,122,1,23,77
969,Brazilian Phonk Mano,Slowboy,phonk brasileiro,2023,2024‑02‑02,130,88,-3,11,81,85,0,12,77
970,SUNRISE (Slowed + Reverb),Xantesha,gym phonk,2022,2024‑02‑02,120,93,-8,20,26,139,6,4,76
971,vendetta!,MUPP,drift phonk,2022,2024‑02‑02,126,91,-4,11,67,107,18,15,79
972,Live Another Day,Kordhell,drift phonk,2021,2024‑02‑02,115,98,-1,9,40,134,0,11,79
973,Sea Of Problems,glichery,,2023,2024‑02‑02,128,68,-11,10,87,111,0,3,79
974,MONTAGEM - MELODIA ENVOLVENTE 4,DJ Dudah,phonk brasileiro,2023,2024‑02‑02,130,72,-9,14,76,251,6,5,73
975,MANDA BALA,Ariis,gym phonk,2023,2024‑02‑02,129,88,1,13,31,100,15,7,80
976,BRODYAGA FUNK,Eternxlkz,,2023,2024‑02‑02,130,74,-3,29,59,135,27,4,75
977,Scopin,Kordhell,drift phonk,2022,2024‑02‑02,98,97,-2,3,64,102,7,6,75
978,YUM YUM,LXNGVX,funk carioca,2023,2024‑02‑02,130,90,-2,8,16,130,32,34,79
979,RAPTURE,INTERWORLD,phonk brasileiro,2022,2024‑02‑02,105,68,-5,10,29,165,1,4,78
980,GigaChad Theme - Phonk House Version,g3ox_em,,2022,2024‑02‑02,128,50,-6,19,58,146,0,4,81
981,NEON BLADE,MoonDeity,,2022,2024‑02‑02,95,100,-2,60,89,265,3,11,78
982,DEMONS IN MY SOUL,SCXR SOUL,drift phonk,2022,2024‑02‑02,100,43,-3,30,42,121,2,5,79
983,GHOST!,phonk.me,gym phonk,2022,2024‑02‑02,125,94,-3,20,41,232,2,10,78
984,Life in Rio,Slowboy,phonk brasileiro,2023,2024‑02‑02,129,97,-2,45,70,94,0,4,80
985,SHADOW,ONIMXRU,gym phonk,2022,2024‑02‑02,120,69,-3,10,53,162,0,4,77
986,Sleepwalker,akiaura,dreampunk,2023,2024‑02‑02,120,80,-5,61,15,212,0,3,81
987,RAVE,Dxrk ダーク,drift phonk,2022,2024‑02‑02,120,75,-6,11,34,169,24,4,81
988,TUCA DONKA,CURSEDEVIL,gym phonk,2023,2024‑02‑02,130,96,-3,30,73,76,12,4,84
989,FRESH,NXVAMANE,,2023,2024‑02‑02,130,99,0,24,94,69,1,23,80
990,BAIXO,xxanteria,,2023,2024‑02‑02,133,87,-7,12,70,104,3,4,78
991,Orquestra Maldita,TRASHXRL,funk mandelao,2023,2024‑02‑02,130,99,0,9,85,120,24,6,80
992,Memory Reboot,VØJ,traprun,2023,2024‑02‑02,81,89,-6,13,46,209,0,4,83
993,Sequência da Dz7,TRASHXRL,phonk brasileiro,2023,2024‑02‑02,130,99,1,11,79,119,47,18,81
994,BRAZILIAN DANÇA PHONK,6YNTHMANE,gym phonk,2023,2024‑02‑02,126,99,-2,27,39,118,30,15,83
995,Montagem Mysterious Game,LXNGVX,,2023,2024‑02‑02,130,64,-10,16,22,103,15,10,84
996,Automotivo Bibi Fogosa,Bibi Babydoll,latin tek,2023,2024‑02‑02,135,87,-3,10,73,130,20,3,85
997,METAMORPHOSIS,INTERWORLD,phonk brasileiro,2021,2024‑02‑02,175,64,-13,12,15,143,43,10,87
998,LOVELY BASTARDS,ZWE1HVNDXR,gym phonk,2023,2024‑02‑02,150,81,-6,14,69,116,83,49,87
999,9mm,Memphis Cult,memphis phonk,2023,2024‑02‑02,155,92,-3,8,30,87,0,4,86
