,title,artist,top_genre,year,added,bpm,nrgy,dB,live,val,dur,acous,spch,pop
0,greedy,Tate McRae,alt z,2023,2024‑02‑02,111,73,-3,11,84,132,26,3,100
1,Cruel Summer,Taylor Swift,pop,2019,2024‑02‑02,170,70,-6,11,56,178,12,16,99
2,"One Of The Girls (with JENNIE, Lily Rose Depp)",The Weeknd,canadian contemporary r&b,2023,2024‑02‑02,88,64,-6,16,20,245,5,3,98
3,"yes, and?",Ariana Grande,pop,2024,2024‑02‑02,119,76,-7,10,82,215,20,5,97
4,Popular (with Playboi Carti & Madonna) - From The Idol Vol. 1 (Music from the HBO Original Series),The Weeknd,canadian contemporary r&b,2023,2024‑02‑02,99,68,-6,41,85,215,6,19,96
5,vampire,Olivia Rodrigo,pop,2023,2024‑02‑02,138,53,-6,29,35,220,18,6,95
6,As It Was,Harry Styles,pop,2022,2024‑02‑02,174,73,-5,31,66,167,34,6,95
7,"What Was I Made For? [From The Motion Picture ""Barbie""]",Billie Eilish,art pop,2023,2024‑02‑02,78,9,-18,10,14,222,96,3,95
8,Starboy,The Weeknd,canadian contemporary r&b,2016,2024‑02‑02,186,59,-7,14,49,230,14,28,95
9,BELLAKEO,Peso Pluma,corridos tumbados,2023,2024‑02‑02,180,88,-3,15,46,197,6,10,95
10,Flowers,Miley Cyrus,pop,2023,2024‑02‑02,118,69,-5,2,63,201,6,6,94
11,HARLEY QUINN,Fuerza Regida,corrido,2023,2024‑02‑02,125,74,-6,22,59,143,3,6,94
12,Houdini,Dua Lipa,dance pop,2023,2024‑02‑02,117,79,-5,9,87,186,0,6,94
13,Blinding Lights,The Weeknd,canadian contemporary r&b,2020,2024‑02‑02,171,73,-6,9,33,200,0,6,93
14,Paint The Town Red,Doja Cat,dance pop,2023,2024‑02‑02,100,54,-9,9,73,232,27,17,93
15,Dance The Night - From Barbie The Album,Dua Lipa,dance pop,2023,2024‑02‑02,110,85,-5,33,78,177,2,5,93
16,Yellow,Coldplay,permanent wave,2000,2024‑02‑02,173,66,-7,23,28,267,0,3,93
17,Rich Baby Daddy (feat. Sexyy Red & SZA),Drake,canadian hip hop,2023,2024‑02‑02,146,73,-5,38,14,319,4,5,93
18,Feather,Sabrina Carpenter,pop,2023,2024‑02‑02,124,69,-4,9,84,186,9,3,93
19,I'm Good (Blue),David Guetta,big room,2022,2024‑02‑02,128,97,-4,37,30,175,0,3,92
20,Creepin' (with The Weeknd & 21 Savage),Metro Boomin,rap,2022,2024‑02‑02,98,62,-6,8,17,222,42,5,92
21,Is It Over Now? (Taylor's Version) (From The Vault),Taylor Swift,pop,2023,2024‑02‑02,100,66,-7,13,18,229,5,4,92
22,I Ain't Worried,OneRepublic,piano rock,2022,2024‑02‑02,140,80,-6,5,83,148,8,5,92
23,Anti-Hero,Taylor Swift,pop,2022,2024‑02‑02,97,64,-7,14,53,201,13,5,92
24,Kill Bill,SZA,pop,2022,2024‑02‑02,89,74,-6,16,42,154,5,4,91
25,Save Your Tears,The Weeknd,canadian contemporary r&b,2020,2024‑02‑02,118,83,-5,54,64,216,2,3,91
26,When I Was Your Man,Bruno Mars,dance pop,2012,2024‑02‑02,73,28,-9,9,39,214,93,4,91
27,Someone You Loved,Lewis Capaldi,pop,2019,2024‑02‑02,110,41,-6,11,45,182,75,3,91
28,lovely (with Khalid),Billie Eilish,art pop,2018,2024‑02‑02,115,30,-10,10,12,200,93,3,91
29,Die For You,The Weeknd,canadian contemporary r&b,2016,2024‑02‑02,134,53,-7,13,51,260,11,6,91
30,Calm Down (with Selena Gomez),Rema,afrobeats,2022,2024‑02‑02,107,81,-5,11,80,239,38,4,90
31,Nonsense,Sabrina Carpenter,pop,2022,2024‑02‑02,139,70,-5,22,73,164,3,3,90
32,Counting Stars,OneRepublic,piano rock,2013,2024‑02‑02,122,71,-5,12,48,257,7,4,90
33,Dandelions,Ruth B.,alt z,2017,2024‑02‑02,117,69,-3,9,45,234,2,3,90
34,Perfect,Ed Sheeran,pop,2017,2024‑02‑02,95,45,-6,11,17,263,16,2,90
35,Believer,Imagine Dragons,modern rock,2017,2024‑02‑02,125,78,-4,8,67,204,6,13,90
36,Unwritten,Natasha Bedingfield,dance pop,2004,2024‑02‑02,100,80,-6,8,63,259,1,4,90
37,Stargirl Interlude,The Weeknd,canadian contemporary r&b,2016,2024‑02‑02,90,47,-13,10,43,112,35,8,89
38,Love The Way You Lie,Eminem,detroit hip hop,2010,2024‑02‑02,87,93,-5,52,64,263,24,23,89
39,Circles,Post Malone,dfw rap,2019,2024‑02‑02,120,76,-3,9,55,215,19,4,89
40,Thunder,Imagine Dragons,modern rock,2017,2024‑02‑02,168,82,-5,15,29,187,1,4,89
41,That's What I Like,Bruno Mars,dance pop,2016,2024‑02‑02,134,56,-5,9,86,207,1,4,89
42,Say You Won't Let Go,James Arthur,pop,2016,2024‑02‑02,85,56,-7,9,49,211,70,6,89
43,Call Out My Name,The Weeknd,canadian contemporary r&b,2018,2024‑02‑02,134,59,-5,31,18,228,17,4,89
44,Something Just Like This,The Chainsmokers,pop,2017,2024‑02‑02,103,64,-7,16,45,247,5,3,89
45,There's Nothing Holdin' Me Back,Shawn Mendes,canadian pop,2017,2024‑02‑02,122,81,-4,8,97,199,38,6,89
46,Night Changes,One Direction,boy band,2014,2024‑02‑02,120,52,-8,12,37,227,86,4,89
47,Watermelon Sugar,Harry Styles,pop,2019,2024‑02‑02,95,82,-4,34,56,174,12,5,89
48,Shape of You,Ed Sheeran,pop,2017,2024‑02‑02,96,65,-3,9,93,234,58,8,89
49,Sunflower - Spider-Man: Into the Spider-Verse,Post Malone,dfw rap,2019,2024‑02‑02,90,52,-4,7,93,158,53,6,88
50,All The Stars (with SZA),Kendrick Lamar,conscious hip hop,2018,2024‑02‑02,97,63,-5,9,55,232,6,6,88
51,Reminder,The Weeknd,canadian contemporary r&b,2016,2024‑02‑02,160,51,-7,16,39,219,14,19,88
52,Softcore,The Neighbourhood,modern alternative rock,2018,2024‑02‑02,94,57,-6,29,37,206,5,3,88
53,Baby Don't Hurt Me,David Guetta,big room,2023,2024‑02‑02,128,91,-3,12,23,140,0,3,88
54,"""Slut!"" (Taylor's Version) (From The Vault)",Taylor Swift,pop,2023,2024‑02‑02,78,41,-13,6,31,180,35,6,88
55,Now That We Don't Talk (Taylor's Version) (From The Vault),Taylor Swift,pop,2023,2024‑02‑02,110,51,-9,9,7,146,19,3,88
56,deja vu,Olivia Rodrigo,pop,2021,2024‑02‑02,181,61,-7,37,18,216,58,11,88
57,Car's Outside,James Arthur,pop,2019,2024‑02‑02,150,56,-7,11,26,248,4,3,88
58,Demons,Imagine Dragons,modern rock,2012,2024‑02‑02,90,71,-3,27,43,178,19,3,88
59,Let Me Down Slowly,Alec Benjamin,alt z,2018,2024‑02‑02,150,56,-6,12,48,169,74,3,88
60,Too Good At Goodbyes,Sam Smith,pop,2017,2024‑02‑02,92,37,-8,17,48,201,64,4,88
61,Maps,Maroon 5,pop,2014,2024‑02‑02,120,71,-6,6,88,190,2,3,88
62,All of Me,John Legend,neo soul,2013,2024‑02‑02,120,26,-7,13,33,270,92,3,88
63,Let Me Love You,DJ Snake,edm,2016,2024‑02‑02,100,72,-5,14,16,206,9,3,88
64,drivers license,Olivia Rodrigo,pop,2021,2024‑02‑02,144,43,-9,11,14,242,77,6,88
65,The Nights,Avicii,dance pop,2014,2024‑02‑02,126,84,-5,25,65,177,2,4,88
66,Paint The Town Red,Doja Cat,dance pop,2023,2024‑02‑02,100,56,-8,11,73,230,26,19,88
67,7 rings,Ariana Grande,pop,2019,2024‑02‑02,140,32,-11,9,33,179,59,33,87
68,Shivers,Ed Sheeran,pop,2021,2024‑02‑02,141,86,-3,4,82,208,28,9,87
69,Chemical,Post Malone,dfw rap,2023,2024‑02‑02,170,90,-5,12,37,184,0,5,87
70,get him back!,Olivia Rodrigo,pop,2023,2024‑02‑02,162,85,-6,61,74,211,1,18,87
71,All Too Well (10 Minute Version) (Taylor's Version) (From The Vault),Taylor Swift,pop,2021,2024‑02‑02,93,52,-9,9,21,613,27,3,87
72,Happier Than Ever,Billie Eilish,art pop,2021,2024‑02‑02,81,23,-9,13,30,299,77,3,87
73,good 4 u,Olivia Rodrigo,pop,2021,2024‑02‑02,167,66,-5,8,69,178,34,15,87
74,After Hours,The Weeknd,canadian contemporary r&b,2020,2024‑02‑02,109,57,-6,12,14,361,8,3,87
75,Can't Feel My Face,The Weeknd,canadian contemporary r&b,2015,2024‑02‑02,108,77,-6,11,58,214,11,4,87
76,Memories,Maroon 5,pop,2019,2024‑02‑02,91,33,-7,8,60,189,84,6,87
77,Shallow,Lady Gaga,art pop,2018,2024‑02‑02,96,39,-6,23,32,216,37,3,87
78,Happier,Marshmello,brostep,2018,2024‑02‑02,100,79,-3,17,67,214,19,5,87
79,Stay With Me,Sam Smith,pop,2014,2024‑02‑02,84,42,-6,11,18,173,59,4,87
80,Delicate,Taylor Swift,pop,2017,2024‑02‑02,95,40,-10,9,5,232,22,7,87
81,Photograph,Ed Sheeran,pop,2014,2024‑02‑02,108,38,-10,10,20,259,61,5,87
82,Set Fire to the Rain,Adele,british soul,2011,2024‑02‑02,108,67,-4,11,45,243,0,2,87
83,I'm Not The Only One,Sam Smith,pop,2014,2024‑02‑02,82,49,-6,8,49,239,53,4,87
84,One Kiss (with Dua Lipa),Calvin Harris,dance pop,2018,2024‑02‑02,124,86,-3,8,59,215,4,11,87
85,Closer,The Chainsmokers,pop,2016,2024‑02‑02,95,52,-6,11,66,245,41,3,87
86,Hips Don't Lie (feat. Wyclef Jean),Shakira,colombian pop,2005,2024‑02‑02,100,82,-6,41,76,218,28,7,87
87,STAY (with Justin Bieber),The Kid LAROI,australian hip hop,2021,2024‑02‑02,170,76,-5,10,48,142,4,5,86
88,Desire (with Sam Smith),Calvin Harris,dance pop,2023,2024‑02‑02,140,92,-5,23,51,179,3,5,86
89,Style,Taylor Swift,pop,2014,2024‑02‑02,95,79,-6,12,49,231,0,4,86
90,Kill Bill,SZA,pop,2022,2024‑02‑02,89,73,-6,16,43,154,5,4,86
91,TV,Billie Eilish,art pop,2022,2024‑02‑02,140,24,-15,15,12,281,83,4,86
92,everything i wanted,Billie Eilish,art pop,2019,2024‑02‑02,120,23,-14,11,24,245,90,10,86
93,Outside (feat. Ellie Goulding),Calvin Harris,dance pop,2014,2024‑02‑02,128,82,-4,32,42,227,21,4,86
94,I Don’t Wanna Live Forever (Fifty Shades Darker),ZAYN,pop,2016,2024‑02‑02,118,45,-8,14,11,247,6,5,86
95,Attention,Charlie Puth,pop,2018,2024‑02‑02,100,61,-5,13,80,209,11,5,86
96,Sunflower - Spider-Man: Into the Spider-Verse,Post Malone,dfw rap,2018,2024‑02‑02,90,48,-6,7,91,158,56,5,86
97,Sign of the Times,Harry Styles,pop,2017,2024‑02‑02,120,60,-5,11,22,341,3,3,86
98,Hymn for the Weekend,Coldplay,permanent wave,2015,2024‑02‑02,90,69,-6,33,41,258,21,4,86
99,Agora Hills,Doja Cat,dance pop,2023,2024‑02‑02,123,69,-6,13,38,265,18,10,86
100,You Get Me So High,The Neighbourhood,modern alternative rock,2018,2024‑02‑02,88,88,-6,15,39,153,19,5,85
101,Levitating (feat. DaBaby),Dua Lipa,dance pop,2020,2024‑02‑02,103,83,-4,7,92,203,1,6,85
102,Don't Start Now,Dua Lipa,dance pop,2020,2024‑02‑02,124,79,-5,10,68,183,1,8,85
103,Bad Habits,Ed Sheeran,pop,2021,2024‑02‑02,126,89,-4,37,54,231,5,3,85
104,Thinking out Loud,Ed Sheeran,pop,2014,2024‑02‑02,79,45,-6,18,59,282,47,3,85
105,CUFF IT,Beyoncé,pop,2022,2024‑02‑02,115,69,-6,7,64,225,4,14,85
106,Miracle (with Ellie Goulding),Calvin Harris,dance pop,2023,2024‑02‑02,143,87,-5,8,31,186,4,4,85
107,Single Soon,Selena Gomez,pop,2023,2024‑02‑02,105,57,-6,13,75,172,1,8,85
108,Made You Look,Meghan Trainor,hip pop,2022,2024‑02‑02,145,53,-4,8,88,134,35,7,85
109,Unholy (feat. Kim Petras),Sam Smith,pop,2022,2024‑02‑02,131,47,-7,27,24,157,1,9,85
110,I Like You (A Happier Song) (with Doja Cat),Post Malone,dfw rap,2022,2024‑02‑02,101,67,-6,12,47,193,12,8,85
111,Leave Before You Love Me (with Jonas Brothers),Marshmello,brostep,2021,2024‑02‑02,120,74,-5,12,64,155,0,4,85
112,Just Give Me a Reason (feat. Nate Ruess),P!nk,dance pop,2012,2024‑02‑02,95,55,-7,13,44,243,35,5,85
113,Falling,Harry Styles,pop,2019,2024‑02‑02,110,27,-7,9,6,240,84,3,85
114,Always Remember Us This Way,Lady Gaga,art pop,2018,2024‑02‑02,130,50,-6,76,30,210,30,4,85
115,I Want It That Way,Backstreet Boys,boy band,1999,2024‑02‑02,99,69,-6,15,48,213,26,3,85
116,Whatever It Takes,Imagine Dragons,modern rock,2017,2024‑02‑02,135,66,-5,12,56,201,4,3,85
117,Sweet but Psycho,Ava Max,pop,2018,2024‑02‑02,133,71,-5,17,62,187,7,5,85
118,Cake By The Ocean,DNCE,dance pop,2016,2024‑02‑02,119,75,-5,4,90,219,15,5,85
119,We Don't Talk Anymore (feat. Selena Gomez),Charlie Puth,pop,2016,2024‑02‑02,100,56,-8,18,35,218,62,13,85
120,STAY (with Justin Bieber),The Kid LAROI,australian hip hop,2021,2024‑02‑02,170,76,-5,10,48,142,4,5,85
121,Baby,Justin Bieber,canadian pop,2023,2024‑02‑02,65,86,-5,11,54,214,4,14,85
122,See You Again (feat. Charlie Puth),Wiz Khalifa,hip hop,2015,2024‑02‑02,80,48,-8,6,28,230,37,8,85
123,Cold Heart - PNAU Remix,Elton John,glam rock,2021,2024‑02‑02,116,80,-6,9,93,203,4,3,84
124,Eyes Closed,Ed Sheeran,pop,2023,2024‑02‑02,107,52,-7,9,31,195,25,7,84
125,Wish You The Best,Lewis Capaldi,pop,2023,2024‑02‑02,108,46,-4,10,47,211,56,3,84
126,Lavender Haze,Taylor Swift,pop,2022,2024‑02‑02,97,44,-10,16,10,202,26,8,84
127,Wow.,Post Malone,dfw rap,2019,2024‑02‑02,100,54,-7,10,39,150,14,21,84
128,Natural,Imagine Dragons,modern rock,2018,2024‑02‑02,100,61,-6,8,22,189,22,4,84
129,Love In The Dark,Adele,british soul,2015,2024‑02‑02,110,34,-6,11,15,286,53,3,84
130,Easy On Me,Adele,british soul,2021,2024‑02‑02,142,37,-8,13,13,225,58,3,84
131,If I Ain't Got You,Alicia Keys,neo soul,2003,2024‑02‑02,118,44,-9,10,17,229,60,11,84
132,Save Your Tears (with Ariana Grande) (Remix),The Weeknd,canadian contemporary r&b,2021,2024‑02‑02,118,83,-5,9,59,191,2,3,84
133,Bruises,Lewis Capaldi,pop,2019,2024‑02‑02,111,31,-8,19,36,220,95,7,84
134,Hall of Fame (feat. will.i.am),The Script,celtic rock,2012,2024‑02‑02,85,87,-4,12,63,203,7,6,84
135,She Will Be Loved - Radio Mix,Maroon 5,pop,2002,2024‑02‑02,102,66,-6,10,47,259,23,3,84
136,"thank u, next",Ariana Grande,pop,2018,2024‑02‑02,107,65,-6,10,41,207,23,7,84
137,I Like Me Better,Lauv,pop,2017,2024‑02‑02,92,51,-8,10,42,197,53,26,84
138,Summer,Calvin Harris,dance pop,2014,2024‑02‑02,128,86,-4,14,74,223,2,3,84
139,Animals,Maroon 5,pop,2015,2024‑02‑02,190,74,-6,59,33,231,0,9,84
140,Centuries,Fall Out Boy,emo,2015,2024‑02‑02,176,86,-3,10,56,228,0,7,84
141,Sugar,Maroon 5,pop,2015,2024‑02‑02,120,79,-7,9,88,235,6,3,84
142,Rude,MAGIC!,pop,2014,2024‑02‑02,144,76,-5,31,93,225,4,4,84
143,Stitches,Shawn Mendes,canadian pop,2015,2024‑02‑02,150,75,-7,5,75,207,2,7,84
144,Mercy,Shawn Mendes,canadian pop,2017,2024‑02‑02,148,66,-5,11,36,209,13,8,84
145,New Rules,Dua Lipa,dance pop,2017,2024‑02‑02,116,70,-6,15,61,209,0,7,84
146,Rolling in the Deep,Adele,british soul,2011,2024‑02‑02,105,77,-5,5,51,228,14,3,84
147,Someone Like You,Adele,british soul,2011,2024‑02‑02,135,32,-8,10,29,285,89,3,84
148,2002,Anne-Marie,pop,2018,2024‑02‑02,96,68,-3,14,60,187,4,12,84
149,Better Now,Post Malone,dfw rap,2018,2024‑02‑02,145,58,-6,14,34,231,33,4,84
150,Without Me,Halsey,electropop,2020,2024‑02‑02,136,49,-7,9,53,202,30,7,84
151,No Lie,Sean Paul,dance pop,2018,2024‑02‑02,102,88,-3,21,46,221,5,12,84
152,positions,Ariana Grande,pop,2020,2024‑02‑02,144,80,-5,9,68,172,47,9,84
153,HISS,Megan Thee Stallion,houston rap,2024,2024‑02‑02,167,66,-5,21,69,193,8,42,84
154,Moth To A Flame (with The Weeknd),Swedish House Mafia,edm,2021,2024‑02‑02,120,66,-7,11,11,234,0,4,83
155,Leave The Door Open,Bruno Mars,dance pop,2021,2024‑02‑02,148,62,-8,9,72,242,18,3,83
156,Sucker,Jonas Brothers,boy band,2019,2024‑02‑02,138,73,-5,11,95,181,4,6,83
157,Lose You To Love Me,Selena Gomez,pop,2020,2024‑02‑02,103,34,-9,21,10,206,56,4,83
158,exile (feat. Bon Iver),Taylor Swift,pop,2020,2024‑02‑02,76,38,-8,11,15,286,78,3,83
159,Stuck with U (with Justin Bieber),Ariana Grande,pop,2020,2024‑02‑02,179,45,-7,38,54,228,22,4,83
160,Bad Liar,Imagine Dragons,modern rock,2018,2024‑02‑02,178,64,-7,37,8,261,7,7,83
161,High Hopes,Panic! At The Disco,modern rock,2018,2024‑02‑02,82,90,-3,6,68,191,19,6,83
162,In the Name of Love,Martin Garrix,dutch edm,2016,2024‑02‑02,134,52,-6,45,17,196,11,4,83
163,Chandelier,Sia,australian dance,2014,2024‑02‑02,117,79,-3,7,57,216,2,5,83
164,Versace on the Floor,Bruno Mars,dance pop,2016,2024‑02‑02,174,57,-6,8,30,261,20,5,83
165,24K Magic,Bruno Mars,dance pop,2016,2024‑02‑02,107,80,-4,15,63,226,3,8,83
166,The Middle,Zedd,complextro,2018,2024‑02‑02,107,66,-3,11,44,185,17,4,83
167,Just the Way You Are,Bruno Mars,dance pop,2010,2024‑02‑02,109,84,-5,6,42,221,1,4,83
168,willow,Taylor Swift,pop,2020,2024‑02‑02,81,57,-9,14,53,215,83,17,83
169,Train Wreck,James Arthur,pop,2016,2024‑02‑02,77,49,-6,7,23,209,70,4,83
170,Unstoppable,Sia,australian dance,2016,2024‑02‑02,174,78,-5,10,26,218,11,8,83
171,Peaches (feat. Daniel Caesar & Giveon),Justin Bieber,canadian pop,2021,2024‑02‑02,90,70,-6,42,46,198,32,12,83
172,Señorita,Shawn Mendes,canadian pop,2019,2024‑02‑02,117,55,-6,8,75,191,4,3,82
173,Unstoppable,Sia,australian dance,2016,2024‑02‑02,174,78,-5,10,26,218,11,8,82
174,Dusk Till Dawn (feat. Sia) - Radio Edit,ZAYN,pop,2018,2024‑02‑02,180,44,-7,11,10,239,10,4,82
175,Ribs,Lorde,art pop,2013,2024‑02‑02,128,47,-9,11,4,259,53,9,82
176,Merry Christmas,Ed Sheeran,pop,2021,2024‑02‑02,114,94,-2,10,60,209,24,4,82
177,Selfish,Justin Timberlake,dance pop,2024,2024‑02‑02,88,54,-7,9,38,229,7,4,82
178,I Can See You (Taylor’s Version) (From The Vault),Taylor Swift,pop,2023,2024‑02‑02,123,76,-5,6,82,273,6,3,82
179,Words (feat. Zara Larsson),Alesso,dance pop,2022,2024‑02‑02,124,59,-5,31,44,143,2,5,82
180,Wildest Dreams (Taylor's Version),Taylor Swift,pop,2021,2024‑02‑02,140,67,-7,13,50,220,4,6,82
181,Levitating,Dua Lipa,dance pop,2020,2024‑02‑02,103,88,-2,21,91,204,6,8,82
182,Maniac,Conan Gray,bedroom pop,2019,2024‑02‑02,108,64,-5,35,49,186,0,4,82
183,Eastside (with Halsey & Khalid),benny blanco,pop,2018,2024‑02‑02,90,69,-8,20,33,171,55,24,82
184,End Game,Taylor Swift,pop,2017,2024‑02‑02,159,59,-6,11,15,245,1,6,82
185,You Are The Reason,Calum Scott,pop,2018,2024‑02‑02,171,24,-8,14,22,204,92,3,82
186,I'm Yours,Jason Mraz,acoustic pop,2008,2024‑02‑02,151,44,-9,10,71,243,56,4,82
187,Can I Be Him,James Arthur,pop,2016,2024‑02‑02,108,54,-6,9,48,247,31,5,82
188,Castle on the Hill,Ed Sheeran,pop,2017,2024‑02‑02,135,83,-5,14,47,261,2,10,82
189,Galway Girl,Ed Sheeran,pop,2017,2024‑02‑02,100,88,-3,33,78,171,7,10,82
190,Him & I (with Halsey),G-Eazy,indie pop rap,2017,2024‑02‑02,88,73,-6,31,19,269,5,9,82
191,Havana (feat. Young Thug),Camila Cabello,dance pop,2018,2024‑02‑02,105,52,-4,13,39,217,18,3,82
192,IDGAF,Dua Lipa,dance pop,2017,2024‑02‑02,97,54,-6,8,51,218,4,9,82
193,Marry You,Bruno Mars,dance pop,2010,2024‑02‑02,145,82,-5,10,45,230,33,4,82
194,Bones,Imagine Dragons,modern rock,2022,2024‑02‑02,114,74,-4,8,57,165,2,5,82
195,Don't Let Me Down,The Chainsmokers,pop,2016,2024‑02‑02,160,87,-5,14,42,208,16,17,82
196,Roar,Katy Perry,pop,2013,2024‑02‑02,90,77,-5,35,44,224,0,3,82
197,10:35,Tiësto,big room,2022,2024‑02‑02,120,79,-6,18,70,172,7,10,81
198,K-POP,Travis Scott,hip hop,2023,2024‑02‑02,121,62,-6,67,54,185,4,6,81
199,Forget Me,Lewis Capaldi,pop,2022,2024‑02‑02,102,76,-4,34,70,204,32,4,81
200,you broke me first,Tate McRae,alt z,2020,2024‑02‑02,124,38,-9,9,8,170,80,5,81
201,WAP (feat. Megan Thee Stallion),Cardi B,pop,2020,2024‑02‑02,133,45,-8,8,36,188,2,38,81
202,Hold Me While You Wait,Lewis Capaldi,pop,2019,2024‑02‑02,107,53,-6,10,16,206,44,3,81
203,Impossible,James Arthur,pop,2013,2024‑02‑02,170,70,-5,11,30,209,14,9,81
204,Strawberries & Cigarettes,Troye Sivan,australian pop,2018,2024‑02‑02,84,54,-9,8,25,202,16,8,81
205,boyfriend (with Social House),Ariana Grande,pop,2019,2024‑02‑02,190,80,-4,16,70,186,12,46,81
206,Goodbyes (feat. Young Thug),Post Malone,dfw rap,2019,2024‑02‑02,150,65,-4,10,16,175,46,8,81
207,Be Alright,Dean Lewis,australian pop,2018,2024‑02‑02,127,59,-6,8,44,196,70,4,81
208,PILLOWTALK,ZAYN,pop,2016,2024‑02‑02,125,70,-4,9,44,203,12,5,81
209,It Ain't Me (with Selena Gomez),Kygo,edm,2017,2024‑02‑02,100,53,-7,9,52,221,12,7,81
210,Wolves,Selena Gomez,pop,2017,2024‑02‑02,125,80,-5,20,31,198,12,4,81
211,no tears left to cry,Ariana Grande,pop,2018,2024‑02‑02,122,71,-6,29,35,206,4,6,81
212,Numb,Marshmello,brostep,2022,2024‑02‑02,120,77,-5,10,63,156,12,5,80
213,Enemy (with JID) - from the series Arcane League of Legends,Imagine Dragons,modern rock,2021,2024‑02‑02,77,78,-4,43,56,173,24,27,80
214,Oh My God,Adele,british soul,2021,2024‑02‑02,88,73,-4,3,55,225,9,5,80
215,Beautiful Mistakes (feat. Megan Thee Stallion),Maroon 5,pop,2021,2024‑02‑02,99,68,-5,15,72,227,4,3,80
216,I Like It,Cardi B,pop,2018,2024‑02‑02,136,73,-4,37,65,253,10,13,80
217,I Will Always Love You,Whitney Houston,dance pop,1992,2024‑02‑02,68,21,-13,8,11,271,85,3,80
218,Work from Home (feat. Ty Dolla $ign),Fifth Harmony,girl group,2016,2024‑02‑02,105,59,-6,6,59,214,10,4,80
219,Perfect Strangers,Jonas Blue,pop,2018,2024‑02‑02,118,86,-4,21,70,197,39,5,80
220,Scared to Be Lonely,Martin Garrix,dutch edm,2017,2024‑02‑02,138,54,-8,26,20,221,9,6,80
221,Happier,Ed Sheeran,pop,2017,2024‑02‑02,90,39,-7,14,24,208,54,3,80
222,Like I'm Gonna Lose You (feat. John Legend),Meghan Trainor,hip pop,2015,2024‑02‑02,108,53,-7,18,42,225,40,4,80
223,Talking to the Moon,Bruno Mars,dance pop,2010,2024‑02‑02,146,59,-5,11,8,218,51,3,80
224,Rewrite The Stars,James Arthur,pop,2017,2024‑02‑02,126,74,-5,47,57,218,24,4,80
225,"Love Me Like You Do - From ""Fifty Shades Of Grey""",Ellie Goulding,indietronica,2015,2024‑02‑02,190,61,-7,13,28,253,25,5,80
226,Cheap Thrills,Sia,australian dance,2016,2024‑02‑02,90,70,-6,9,73,212,5,11,80
227,FRIENDS,Marshmello,brostep,2018,2024‑02‑02,95,88,-2,13,53,203,21,5,80
228,Señorita,Shawn Mendes,canadian pop,2019,2024‑02‑02,117,54,-6,9,75,191,4,3,80
229,Speed Drive (From Barbie The Album),Charli XCX,art pop,2023,2024‑02‑02,174,88,-6,9,79,118,0,8,79
230,How Do I Say Goodbye,Dean Lewis,australian pop,2022,2024‑02‑02,82,64,-6,7,39,164,21,7,79
231,Maroon,Taylor Swift,pop,2022,2024‑02‑02,108,40,-8,10,4,218,6,6,79
232,Slow Hands,Niall Horan,pop,2017,2024‑02‑02,86,43,-7,6,85,188,1,5,79
233,Kiss Me More (feat. SZA),Doja Cat,dance pop,2021,2024‑02‑02,111,70,-4,12,74,209,24,3,79
234,Prisoner (feat. Dua Lipa),Miley Cyrus,pop,2020,2024‑02‑02,128,67,-4,8,60,169,1,5,79
235,Half A Man,Dean Lewis,australian pop,2019,2024‑02‑02,78,20,-12,14,34,179,86,5,79
236,Break My Heart,Dua Lipa,dance pop,2020,2024‑02‑02,113,73,-3,35,47,222,17,9,79
237,No Time To Die,Billie Eilish,art pop,2020,2024‑02‑02,74,22,-13,8,5,242,92,4,79
238,"Let Me Go (with Alesso, Florida Georgia Line & watt)",Hailee Steinfeld,pop,2017,2024‑02‑02,103,71,-4,8,74,175,3,5,79
239,Stole the Show,Kygo,edm,2016,2024‑02‑02,100,64,-8,32,48,223,27,23,79
240,Firestone,Kygo,edm,2016,2024‑02‑02,114,63,-7,10,41,272,39,4,79
241,comethru,Jeremy Zucker,alt z,2018,2024‑02‑02,94,18,-12,62,61,182,61,6,79
242,Love Story,Taylor Swift,pop,2008,2024‑02‑02,119,74,-4,8,31,236,13,3,79
243,Not My Fault (with Megan Thee Stallion),Reneé Rapp,alt z,2024,2024‑02‑02,124,79,-6,38,87,171,11,18,79
244,Whistle (feat. Calum Scott),Jax Jones,dance pop,2023,2024‑02‑02,124,88,-5,6,62,182,18,4,78
245,Bad Blood,Taylor Swift,pop,2014,2024‑02‑02,170,80,-6,15,30,212,9,18,78
246,Location,Khalid,pop,2017,2024‑02‑02,80,45,-11,9,33,219,33,43,78
247,Left and Right (Feat. Jung Kook of BTS),Charlie Puth,pop,2022,2024‑02‑02,101,59,-5,9,72,154,62,3,78
248,Angel Baby,Troye Sivan,australian pop,2021,2024‑02‑02,72,56,-6,14,34,221,1,4,78
249,Light Switch,Charlie Puth,pop,2022,2024‑02‑02,184,63,-6,9,91,188,11,31,78
250,Sorry Not Sorry,Demi Lovato,pop,2017,2024‑02‑02,144,64,-7,26,89,204,2,23,78
251,Don't Start Now,Dua Lipa,dance pop,2019,2024‑02‑02,124,79,-5,10,68,183,1,8,78
252,Cheating on You,Charlie Puth,pop,2019,2024‑02‑02,123,54,-7,10,60,197,1,3,78
253,I Don't Care (with Justin Bieber),Ed Sheeran,pop,2019,2024‑02‑02,102,68,-5,9,84,220,9,4,78
254,Issues,Julia Michaels,pop,2017,2024‑02‑02,114,42,-7,6,46,176,40,6,78
255,Cold Water (feat. Justin Bieber & MØ),Major Lazer,dance pop,2016,2024‑02‑02,93,80,-5,16,50,185,7,4,78
256,Promises (with Sam Smith),Calvin Harris,dance pop,2018,2024‑02‑02,123,77,-6,33,49,213,1,4,78
257,"Feels (feat. Pharrell Williams, Katy Perry & Big Sean)",Calvin Harris,dance pop,2017,2024‑02‑02,101,75,-3,9,87,223,6,6,78
258,Secret Love Song (feat. Jason Derulo),Little Mix,girl group,2015,2024‑02‑02,93,61,-5,28,14,250,22,5,78
259,Price Tag,Jessie J,dance pop,2011,2024‑02‑02,175,83,-4,27,67,223,3,18,78
260,Stay,Zedd,complextro,2017,2024‑02‑02,102,62,-5,12,54,210,25,6,78
261,Hello,Adele,british soul,2015,2024‑02‑02,79,43,-6,9,29,296,33,3,78
262,Counting Stars,OneRepublic,piano rock,2014,2024‑02‑02,122,71,-5,12,48,258,7,4,78
263,Paris,The Chainsmokers,pop,2017,2024‑02‑02,100,66,-6,9,22,222,2,3,78
264,Habits (Stay High),Tove Lo,dance pop,2014,2024‑02‑02,110,65,-4,8,35,209,7,3,78
265,Life Goes On,BTS,k-pop,2020,2024‑02‑02,81,72,-6,37,45,207,1,4,78
266,Who Says,Selena Gomez & The Scene,pop,2011,2024‑02‑02,101,93,-3,15,74,196,8,5,78
267,"Alone, Pt. II",Alan Walker,electro house,2021,2024‑02‑02,88,66,-4,13,63,179,54,4,77
268,ALIEN SUPERSTAR,Beyoncé,pop,2022,2024‑02‑02,122,64,-6,17,46,215,0,10,77
269,TRUSTFALL,P!nk,dance pop,2023,2024‑02‑02,122,89,-4,15,25,237,0,9,77
270,Jaded,Miley Cyrus,pop,2023,2024‑02‑02,91,59,-5,9,18,186,5,3,77
271,Forever,Lewis Capaldi,pop,2019,2024‑02‑02,85,36,-7,12,36,211,87,3,77
272,About Damn Time,Lizzo,escape room,2022,2024‑02‑02,109,74,-6,34,72,192,10,7,77
273,Bam Bam (feat. Ed Sheeran),Camila Cabello,dance pop,2022,2024‑02‑02,95,70,-6,33,96,206,18,4,77
274,When You're Gone,Shawn Mendes,canadian pop,2022,2024‑02‑02,147,69,-6,58,58,172,2,4,77
275,It'll Be Okay,Shawn Mendes,canadian pop,2021,2024‑02‑02,78,29,-12,9,7,223,62,3,77
276,Smokin Out The Window,Bruno Mars,dance pop,2021,2024‑02‑02,82,62,-9,35,85,197,6,4,77
277,Bad At Love,Halsey,electropop,2017,2024‑02‑02,118,75,-4,9,61,181,6,3,77
278,Intentions (feat. Quavo),Justin Bieber,canadian pop,2020,2024‑02‑02,148,55,-7,10,87,213,30,6,77
279,"10,000 Hours (with Justin Bieber)",Dan + Shay,contemporary country,2019,2024‑02‑02,90,63,-5,11,43,168,15,3,77
280,Higher Love,Kygo,edm,2019,2024‑02‑02,104,68,-7,10,40,228,2,3,77
281,Roses,The Chainsmokers,pop,2015,2024‑02‑02,100,80,-7,31,34,227,4,6,77
282,i'm so tired...,Lauv,pop,2019,2024‑02‑02,101,74,-8,20,50,163,17,24,77
283,Superheroes,The Script,celtic rock,2014,2024‑02‑02,167,89,-4,7,64,245,0,4,77
284,8 Letters,Why Don't We,boy band,2018,2024‑02‑02,89,48,-6,9,26,190,65,3,77
285,I Know What You Did Last Summer,Shawn Mendes,canadian pop,2015,2024‑02‑02,114,76,-5,15,74,224,10,9,77
286,Dusk Till Dawn (feat. Sia) - Radio Edit,ZAYN,pop,2017,2024‑02‑02,180,44,-7,11,10,239,10,4,77
287,In My Blood,Shawn Mendes,canadian pop,2018,2024‑02‑02,140,71,-7,13,49,211,6,7,77
288,Rockabye (feat. Sean Paul & Anne-Marie),Clean Bandit,pop,2016,2024‑02‑02,102,76,-4,18,74,251,41,5,77
289,Reckless,Madison Beer,pop,2021,2024‑02‑02,180,43,-7,14,26,203,81,4,77
290,"Taki Taki (with Selena Gomez, Ozuna & Cardi B)",DJ Snake,edm,2018,2024‑02‑02,96,80,-4,6,62,213,16,23,77
291,Celestial,Ed Sheeran,pop,2022,2024‑02‑02,123,85,-1,16,50,209,5,4,76
292,Lift Me Up - From Black Panther: Wakanda Forever - Music From and Inspired By,Rihanna,barbadian pop,2022,2024‑02‑02,177,30,-6,13,17,197,90,3,76
293,Trust Me Mate,Dean Lewis,australian pop,2023,2024‑02‑02,98,59,-4,11,27,178,60,3,76
294,In The City,Charli XCX,art pop,2023,2024‑02‑02,128,75,-5,7,65,176,3,4,76
295,The 30th,Billie Eilish,art pop,2022,2024‑02‑02,83,14,-14,9,21,216,93,5,76
296,Ghost,Justin Bieber,canadian pop,2021,2024‑02‑02,154,74,-6,41,47,153,18,5,76
297,Mama,Jonas Blue,pop,2018,2024‑02‑02,104,79,-4,5,57,184,10,4,76
298,When I’m Gone (with Katy Perry),Alesso,dance pop,2021,2024‑02‑02,125,89,-4,48,62,161,3,3,76
299,Your Power,Billie Eilish,art pop,2021,2024‑02‑02,130,28,-14,23,21,246,93,8,76
300,Apologize,OneRepublic,piano rock,2007,2024‑02‑02,118,74,-6,10,50,208,36,3,76
301,Be Kind (with Halsey),Marshmello,brostep,2020,2024‑02‑02,94,63,-7,5,45,173,1,5,76
302,Love Again,Dua Lipa,dance pop,2020,2024‑02‑02,116,67,-5,10,47,258,0,3,76
303,Lover (Remix) [feat. Shawn Mendes],Taylor Swift,pop,2019,2024‑02‑02,205,60,-7,9,42,221,43,6,76
304,all the good girls go to hell,Billie Eilish,art pop,2019,2024‑02‑02,185,44,-9,18,57,169,28,37,76
305,South of the Border (feat. Camila Cabello & Cardi B),Ed Sheeran,pop,2019,2024‑02‑02,98,62,-6,9,67,204,15,8,76
306,Here With Me,Marshmello,brostep,2019,2024‑02‑02,100,56,-4,16,18,156,6,4,76
307,Without Me,Halsey,electropop,2018,2024‑02‑02,136,49,-7,9,53,202,30,7,76
308,Dancing With A Stranger (with Normani),Sam Smith,pop,2019,2024‑02‑02,103,52,-8,22,35,171,45,7,76
309,One Call Away,Charlie Puth,pop,2016,2024‑02‑02,91,61,-5,12,47,194,40,3,76
310,Symphony (feat. Zara Larsson),Clean Bandit,pop,2017,2024‑02‑02,123,63,-5,14,46,212,26,6,76
311,How Long,Charlie Puth,pop,2018,2024‑02‑02,110,56,-5,4,81,201,21,8,76
312,Imagination,Shawn Mendes,canadian pop,2015,2024‑02‑02,90,46,-6,7,33,218,7,2,76
313,River (feat. Ed Sheeran),Eminem,detroit hip hop,2017,2024‑02‑02,90,75,-6,7,66,221,14,52,76
314,Never Be the Same,Camila Cabello,dance pop,2018,2024‑02‑02,130,71,-4,14,24,227,18,7,76
315,Cold (feat. Future),Maroon 5,pop,2018,2024‑02‑02,100,72,-6,5,41,234,14,11,76
316,Worth It (feat. Kid Ink),Fifth Harmony,girl group,2015,2024‑02‑02,100,77,-4,12,59,225,6,9,76
317,Into Your Arms (feat. Ava Max),Witt Lowry,deep underground hip hop,2018,2024‑02‑02,170,79,-4,36,23,186,1,22,75
318,Never Felt So Alone,Labrinth,indie poptimism,2023,2024‑02‑02,98,41,-4,38,36,160,50,5,75
319,Summer of Love (Shawn Mendes & Tainy),Shawn Mendes,canadian pop,2021,2024‑02‑02,124,81,-5,10,49,184,3,12,75
320,One Right Now (with The Weeknd),Post Malone,dfw rap,2021,2024‑02‑02,97,78,-5,8,69,194,4,5,75
321,Let Somebody Go,Coldplay,permanent wave,2021,2024‑02‑02,131,34,-9,11,16,242,19,3,75
322,this is how you fall in love,Jeremy Zucker,alt z,2021,2024‑02‑02,78,20,-12,13,27,175,73,4,75
323,Before You Go,Lewis Capaldi,pop,2019,2024‑02‑02,112,57,-5,9,18,215,60,6,75
324,Summer Days (feat. Macklemore & Patrick Stump of Fall Out Boy),Martin Garrix,dutch edm,2019,2024‑02‑02,114,72,-7,14,32,164,18,6,75
325,Rather Be (feat. Jess Glynne),Clean Bandit,pop,2014,2024‑02‑02,121,59,-7,19,55,228,16,4,75
326,Dangerously,Charlie Puth,pop,2016,2024‑02‑02,112,52,-8,20,23,199,36,4,75
327,Dive,Ed Sheeran,pop,2017,2024‑02‑02,135,39,-6,10,53,238,36,4,75
328,Meant to Be (feat. Florida Georgia Line),Bebe Rexha,dance pop,2017,2024‑02‑02,154,78,-6,8,58,164,5,9,75
329,Enemy - From the series Arcane League of Legends,Imagine Dragons,modern rock,2021,2024‑02‑02,77,75,-4,42,52,173,25,26,75
330,Hate Me (with Juice WRLD),Ellie Goulding,indietronica,2019,2024‑02‑02,75,77,-5,14,76,186,11,5,75
331,On My Way,Alan Walker,electro house,2019,2024‑02‑02,170,69,-5,30,30,194,2,10,75
332,Plain Jane REMIX (feat. Nicki Minaj),A$AP Ferg,hip hop,2017,2024‑02‑02,170,84,-4,26,38,203,6,27,74
333,DON'T YOU WORRY,Black Eyed Peas,dance pop,2022,2024‑02‑02,132,88,-5,21,49,196,20,3,74
334,Super Freaky Girl,Nicki Minaj,hip pop,2022,2024‑02‑02,133,88,-3,32,92,171,5,21,74
335,Sweetest Pie,Megan Thee Stallion,houston rap,2022,2024‑02‑02,124,63,-7,10,68,201,17,22,74
336,You,Regard,pop dance,2021,2024‑02‑02,106,70,-6,6,51,233,6,4,74
337,Afterglow,Ed Sheeran,pop,2020,2024‑02‑02,110,32,-6,33,27,185,70,3,74
338,Therefore I Am,Billie Eilish,art pop,2020,2024‑02‑02,94,34,-8,6,72,174,22,7,74
339,Rain On Me (with Ariana Grande),Lady Gaga,art pop,2020,2024‑02‑02,123,86,-4,32,65,182,2,4,74
340,Paradise,Bazzi,pop,2019,2024‑02‑02,122,64,-6,11,59,169,8,5,74
341,You should be sad,Halsey,electropop,2020,2024‑02‑02,111,59,-6,11,32,205,14,3,74
342,Takeaway,The Chainsmokers,pop,2019,2024‑02‑02,100,51,-8,10,35,210,13,3,74
343,Beautiful People (feat. Khalid),Ed Sheeran,pop,2019,2024‑02‑02,93,65,-8,8,55,198,12,19,74
344,Better,Khalid,pop,2018,2024‑02‑02,98,55,-10,10,11,229,8,10,74
345,This Feeling,The Chainsmokers,pop,2018,2024‑02‑02,105,57,-8,9,45,198,6,4,74
346,"Thunderclouds (feat. Sia, Diplo, and Labrinth)",Sia,australian dance,2018,2024‑02‑02,112,71,-6,19,49,187,1,3,74
347,breathin,Ariana Grande,pop,2018,2024‑02‑02,100,66,-5,21,36,198,2,4,74
348,Beautiful (feat. Camila Cabello),Bazzi,pop,2018,2024‑02‑02,100,72,-5,11,25,180,35,3,74
349,Bad Things (with Camila Cabello),Machine Gun Kelly,ohio hip hop,2017,2024‑02‑02,138,69,-5,19,31,239,21,15,74
350,"These Days (feat. Jess Glynne, Macklemore & Dan Caplen)",Rudimental,pop dance,2018,2024‑02‑02,92,81,-4,17,55,211,19,5,74
351,I'm a Mess,Bebe Rexha,dance pop,2018,2024‑02‑02,97,69,-6,7,22,196,0,3,74
352,Harleys In Hawaii,Katy Perry,pop,2019,2024‑02‑02,140,76,-6,13,72,186,19,13,74
353,Criminal,Britney Spears,dance pop,2011,2024‑02‑02,108,73,-5,18,71,225,5,3,74
354,"Alone, Pt. II",Alan Walker,electro house,2019,2024‑02‑02,88,67,-4,13,61,179,54,4,74
355,Karma (feat. Ice Spice),Taylor Swift,pop,2023,2024‑02‑02,90,62,-7,58,7,201,6,6,73
356,Mourning,Post Malone,dfw rap,2023,2024‑02‑02,74,65,-5,28,26,148,10,3,73
357,This Love (Taylor’s Version),Taylor Swift,pop,2022,2024‑02‑02,144,49,-9,7,5,250,30,3,73
358,Overpass Graffiti,Ed Sheeran,pop,2021,2024‑02‑02,176,85,-4,12,77,237,0,19,73
359,"SG (with Ozuna, Megan Thee Stallion & LISA of BLACKPINK)",DJ Snake,edm,2021,2024‑02‑02,100,84,-3,9,70,226,0,5,73
360,Visiting Hours,Ed Sheeran,pop,2021,2024‑02‑02,150,40,-7,7,26,216,77,3,73
361,Mr. Perfectly Fine (Taylor’s Version) (From The Vault),Taylor Swift,pop,2021,2024‑02‑02,136,82,-6,6,72,278,17,5,73
362,Holy (feat. Chance The Rapper),Justin Bieber,canadian pop,2020,2024‑02‑02,87,70,-8,9,37,212,20,36,73
363,I.F.L.Y.,Bazzi,pop,2019,2024‑02‑02,105,52,-5,13,55,166,38,4,73
364,YOUTH,Troye Sivan,australian pop,2015,2024‑02‑02,92,74,-4,8,59,185,6,4,73
365,What A Man Gotta Do,Jonas Brothers,boy band,2020,2024‑02‑02,113,70,-7,8,32,181,1,6,73
366,Salt,Ava Max,pop,2019,2024‑02‑02,128,84,-3,7,74,180,13,6,73
367,xanny,Billie Eilish,art pop,2019,2024‑02‑02,112,13,-18,27,5,244,75,24,73
368,Electricity (with Dua Lipa),Silk City,edm,2018,2024‑02‑02,118,67,-6,34,51,238,1,5,73
369,Don’t Call Me Angel (Charlie’s Angels) (with Miley Cyrus & Lana Del Rey),Ariana Grande,pop,2019,2024‑02‑02,103,76,-5,9,33,190,0,4,73
370,So Am I,Ava Max,pop,2019,2024‑02‑02,130,66,-5,35,63,183,7,4,73
371,One Thing Right,Marshmello,brostep,2019,2024‑02‑02,88,63,-2,58,44,182,6,5,73
372,Paris in the Rain,Lauv,pop,2018,2024‑02‑02,80,41,-9,39,53,205,77,5,73
373,Lay Me Down,Sam Smith,pop,2014,2024‑02‑02,119,33,-9,11,17,253,77,5,73
374,Marvin Gaye (feat. Meghan Trainor),Charlie Puth,pop,2016,2024‑02‑02,110,62,-5,35,82,190,42,6,73
375,Done for Me (feat. Kehlani),Charlie Puth,pop,2018,2024‑02‑02,112,63,-4,7,70,180,19,7,73
376,"Flashlight - From ""Pitch Perfect 2"" Soundtrack",Jessie J,dance pop,2015,2024‑02‑02,148,62,-7,11,48,209,31,5,73
377,Lost In Japan,Shawn Mendes,canadian pop,2018,2024‑02‑02,105,74,-7,11,43,201,26,37,73
378,Girls Like You,Maroon 5,pop,2018,2024‑02‑02,60,46,-7,13,38,215,56,6,73
379,Hold Me Closer,Elton John,glam rock,2021,2024‑02‑02,126,77,-5,19,48,202,7,11,72
380,River,Miley Cyrus,pop,2023,2024‑02‑02,128,80,-5,19,46,163,0,4,72
381,Used To Be Young,Miley Cyrus,pop,2023,2024‑02‑02,147,63,-4,14,46,190,60,5,72
382,That's Hilarious,Charlie Puth,pop,2022,2024‑02‑02,108,44,-6,11,55,145,74,6,72
383,Don’t Wake Me Up,Jonas Blue,pop,2022,2024‑02‑02,124,75,-5,15,43,189,22,3,72
384,Skate,Bruno Mars,dance pop,2021,2024‑02‑02,112,60,-8,17,70,203,4,3,72
385,Best Friend (feat. Doja Cat),Saweetie,cali rap,2021,2024‑02‑02,94,77,-4,7,40,156,0,14,72
386,What's Love Got to Do with It,Kygo,edm,2020,2024‑02‑02,105,66,-6,6,62,208,28,15,72
387,Juice,Lizzo,escape room,2019,2024‑02‑02,120,89,-3,40,84,195,1,10,72
388,Mean It,Lauv,pop,2019,2024‑02‑02,96,45,-9,17,33,233,4,9,72
389,How Do You Sleep?,Sam Smith,pop,2019,2024‑02‑02,111,68,-5,8,35,202,15,9,72
390,Only Human,Jonas Brothers,boy band,2019,2024‑02‑02,94,50,-6,6,87,183,11,7,72
391,Call You Mine,The Chainsmokers,pop,2019,2024‑02‑02,104,70,-6,34,52,218,20,3,72
392,Fallin' All In You,Shawn Mendes,canadian pop,2018,2024‑02‑02,92,48,-7,11,80,236,41,4,72
393,Lost Boy,Ruth B.,alt z,2015,2024‑02‑02,124,6,-15,9,35,275,97,5,72
394,Solo (feat. Demi Lovato),Clean Bandit,pop,2018,2024‑02‑02,105,64,-5,35,56,223,4,4,72
395,Love Yourself,Justin Bieber,canadian pop,2015,2024‑02‑02,100,38,-10,28,52,234,84,44,72
396,Friends (with BloodPop®),Justin Bieber,canadian pop,2017,2024‑02‑02,105,74,-5,30,63,189,0,4,72
397,Count on Me,Bruno Mars,dance pop,2010,2024‑02‑02,89,39,-6,8,50,197,85,3,72
398,Cover Me In Sunshine,P!nk,dance pop,2021,2024‑02‑02,160,59,-7,8,31,141,6,14,72
399,Intentions,Justin Bieber,canadian pop,2020,2024‑02‑02,148,55,-7,11,86,213,32,6,72
400,Other Boys,Marshmello,brostep,2023,2024‑02‑02,120,83,-6,55,54,137,1,11,71
401,Hold My Hand,Lady Gaga,art pop,2022,2024‑02‑02,148,61,-4,39,26,225,4,3,71
402,Run (feat. Ed Sheeran) (Taylor’s Version) (From The Vault),Taylor Swift,pop,2021,2024‑02‑02,125,49,-7,31,44,240,82,3,71
403,my future,Billie Eilish,art pop,2021,2024‑02‑02,105,28,-11,31,8,210,81,10,71
404,Never Not,Lauv,pop,2018,2024‑02‑02,134,22,-9,10,26,208,69,4,71
405,Lose Somebody,Kygo,edm,2020,2024‑02‑02,148,59,-7,8,51,200,34,4,71
406,Wonder,Shawn Mendes,canadian pop,2020,2024‑02‑02,140,64,-5,15,13,173,13,6,71
407,Motivation,Normani,pop,2019,2024‑02‑02,171,89,-4,30,88,194,2,10,71
408,Never Really Over,Katy Perry,pop,2019,2024‑02‑02,100,88,-5,32,39,224,19,6,71
409,Who Do You Love,The Chainsmokers,pop,2019,2024‑02‑02,140,85,-5,21,48,227,1,5,71
410,Giant (with Rag'n'Bone Man),Calvin Harris,dance pop,2019,2024‑02‑02,122,89,-4,8,61,229,2,4,71
411,Capital Letters,Hailee Steinfeld,pop,2018,2024‑02‑02,100,81,-6,5,46,219,3,8,71
412,Strip That Down (feat. Quavo),Liam Payne,pop,2017,2024‑02‑02,106,50,-5,8,55,202,20,5,71
413,Sorry,Justin Bieber,canadian pop,2015,2024‑02‑02,100,76,-4,30,41,201,8,5,71
414,I Miss You (feat. Julia Michaels),Clean Bandit,pop,2017,2024‑02‑02,105,62,-7,10,37,206,30,4,71
415,Back To You,Selena Gomez,pop,2018,2024‑02‑02,102,68,-6,11,49,210,10,5,71
416,Say My Name,David Guetta,big room,2018,2024‑02‑02,95,66,-5,19,79,199,14,12,71
417,Yummy,Justin Bieber,canadian pop,2023,2024‑02‑02,146,51,-7,12,50,209,35,10,71
418,Rush (feat. PinkPantheress & Hyunjin of Stray Kids),Troye Sivan,australian pop,2023,2024‑02‑02,126,84,-8,10,38,172,1,8,70
419,In A Perfect World (with Julia Michaels),Dean Lewis,australian pop,2023,2024‑02‑02,117,45,-5,44,32,191,19,4,70
420,Dear Reader,Taylor Swift,pop,2022,2024‑02‑02,108,39,-12,12,16,225,48,7,70
421,Potion (with Dua Lipa & Young Thug),Calvin Harris,dance pop,2022,2024‑02‑02,100,70,-5,8,76,214,16,5,70
422,The Joker And The Queen (feat. Taylor Swift),Ed Sheeran,pop,2022,2024‑02‑02,134,31,-7,28,31,185,92,3,70
423,Don’t You (Taylor’s Version) (From The Vault),Taylor Swift,pop,2021,2024‑02‑02,102,47,-12,11,41,209,51,5,70
424,Stupid Love,Lady Gaga,art pop,2020,2024‑02‑02,118,83,-4,27,78,194,0,7,70
425,Feelings,Lauv,pop,2019,2024‑02‑02,103,39,-9,8,24,190,6,3,70
426,If I Can't Have You,Shawn Mendes,canadian pop,2019,2024‑02‑02,124,81,-4,15,86,191,52,6,70
427,Happy Now,Kygo,edm,2018,2024‑02‑02,118,57,-7,25,49,211,37,8,70
428,Heaven,Julia Michaels,pop,2018,2024‑02‑02,200,37,-9,8,25,192,86,4,70
429,Ocean (feat. Khalid),Martin Garrix,dutch edm,2018,2024‑02‑02,140,69,-7,9,22,216,58,4,70
430,Naked,James Arthur,pop,2017,2024‑02‑02,102,61,-7,6,24,234,10,6,70
431,party favor,Billie Eilish,art pop,2017,2024‑02‑02,130,19,-12,10,21,205,88,9,70
432,Myself,Bazzi,pop,2018,2024‑02‑02,196,56,-6,3,90,168,47,7,70
433,Not Your Barbie Girl,Ava Max,pop,2018,2024‑02‑02,120,64,-4,3,35,187,10,5,70
434,Mother,Meghan Trainor,hip pop,2023,2024‑02‑02,120,66,-6,46,76,147,12,9,69
435,Curtains,Ed Sheeran,pop,2023,2024‑02‑02,176,76,-7,32,44,225,10,5,69
436,So Good,Halsey,electropop,2022,2024‑02‑02,165,63,-5,18,31,176,4,4,69
437,That’s When (feat. Keith Urban) (Taylor’s Version) (From The Vault),Taylor Swift,pop,2021,2024‑02‑02,90,61,-7,9,51,189,23,4,69
438,Untouchable (Taylor’s Version),Taylor Swift,pop,2021,2024‑02‑02,200,53,-6,17,22,312,2,3,69
439,Lasting Lover,Sigala,dance pop,2020,2024‑02‑02,126,79,-5,9,48,218,20,5,69
440,There for You,Martin Garrix,dutch edm,2017,2024‑02‑02,106,64,-8,12,13,222,12,6,69
441,Know Your Worth,Khalid,pop,2020,2024‑02‑02,103,69,-8,28,51,181,14,7,69
442,Toothbrush,DNCE,dance pop,2016,2024‑02‑02,105,79,-6,47,83,232,12,13,69
443,Remember The Name (feat. Eminem & 50 Cent),Ed Sheeran,pop,2019,2024‑02‑02,91,67,-7,80,73,208,14,18,69
444,Rescue Me,OneRepublic,piano rock,2019,2024‑02‑02,121,61,-8,69,64,159,16,4,69
445,Let Me,ZAYN,pop,2018,2024‑02‑02,168,57,-6,10,19,185,24,5,69
446,Happy Now,Zedd,complextro,2018,2024‑02‑02,88,74,-5,7,46,207,58,5,69
447,Remind Me to Forget,Kygo,edm,2017,2024‑02‑02,99,51,-6,14,31,217,16,9,69
448,Youngblood,5 Seconds of Summer,boy band,2018,2024‑02‑02,120,85,-5,12,15,203,2,46,69
449,Better,Khalid,pop,2018,2024‑02‑02,98,59,-10,14,12,229,10,10,69
450,Wires,The Neighbourhood,modern alternative rock,2013,2024‑02‑02,73,57,-6,34,27,193,0,3,68
451,Snow On The Beach (feat. Lana Del Rey),Taylor Swift,pop,2022,2024‑02‑02,110,32,-13,12,15,256,74,4,68
452,Alone (with Nicki Minaj),Kim Petras,alt z,2023,2024‑02‑02,137,51,-7,13,17,185,7,4,68
453,Magical,Ed Sheeran,pop,2023,2024‑02‑02,136,63,-8,17,46,194,75,3,68
454,Yummy,Justin Bieber,canadian pop,2020,2024‑02‑02,146,51,-7,12,49,210,37,9,68
455,Graveyard,Halsey,electropop,2019,2024‑02‑02,92,58,-5,18,19,182,23,7,68
456,2U (feat. Justin Bieber),David Guetta,big room,2017,2024‑02‑02,145,65,-6,23,56,195,22,6,68
457,"fuck, i'm lonely",Lauv,pop,2019,2024‑02‑02,95,55,-7,5,72,199,45,6,68
458,No Promises (feat. Demi Lovato),Cheat Codes,edm,2017,2024‑02‑02,113,67,-5,11,60,224,6,13,68
459,bad guy (with Justin Bieber),Billie Eilish,art pop,2019,2024‑02‑02,135,45,-11,12,68,195,25,30,68
460,Outta My Head (with John Mayer),Khalid,pop,2019,2024‑02‑02,103,55,-8,37,51,177,2,3,68
461,Falling Like The Stars,James Arthur,pop,2019,2024‑02‑02,177,35,-10,11,19,213,82,4,68
462,Rewrite The Stars (with James Arthur & Anne-Marie),James Arthur,pop,2018,2024‑02‑02,126,74,-5,47,57,218,24,4,68
463,Treat You Better,Shawn Mendes,canadian pop,2017,2024‑02‑02,166,82,-4,11,81,188,10,24,68
464,So Far Away (feat. Jamie Scott & Romy Dya),Martin Garrix,dutch edm,2017,2024‑02‑02,149,52,-8,20,13,184,44,6,68
465,Stargazing,Kygo,edm,2017,2024‑02‑02,99,50,-6,9,42,237,15,8,68
466,"Writing's On The Wall - From ""Spectre"" Soundtrack",Sam Smith,pop,2015,2024‑02‑02,81,30,-8,9,9,279,77,3,68
467,Sick Boy,The Chainsmokers,pop,2018,2024‑02‑02,90,58,-8,12,45,193,11,5,68
468,Flames,David Guetta,big room,2018,2024‑02‑02,94,73,-4,9,36,195,7,4,68
469,OK Not To Be OK,Marshmello,brostep,2020,2024‑02‑02,103,84,-5,7,26,160,2,6,68
470,Trampoline (with ZAYN),SHAED,electropop,2019,2024‑02‑02,127,46,-6,14,50,184,56,3,68
471,Often - Kygo Remix,The Weeknd,canadian contemporary r&b,2015,2024‑02‑02,80,49,-10,33,41,234,12,5,68
472,PSYCHO,Anne-Marie,pop,2022,2024‑02‑02,161,68,-5,2,74,162,1,36,67
473,Love Me More,Sam Smith,pop,2022,2024‑02‑02,85,44,-6,13,56,191,30,6,67
474,Rumors (feat. Cardi B),Lizzo,escape room,2021,2024‑02‑02,119,73,-6,42,61,173,13,9,67
475,Level of Concern,Twenty One Pilots,modern rock,2020,2024‑02‑02,122,58,-7,14,77,220,32,4,67
476,Savage Remix (feat. Beyoncé),Megan Thee Stallion,houston rap,2020,2024‑02‑02,84,74,-5,13,64,242,2,28,67
477,Drown (feat. Clinton Kane),Martin Garrix,dutch edm,2020,2024‑02‑02,120,74,-5,18,36,174,21,6,67
478,Good Thing (with Kehlani),Zedd,complextro,2019,2024‑02‑02,186,56,-4,4,57,211,40,4,67
479,Nightmare,Halsey,electropop,2019,2024‑02‑02,146,62,-5,36,54,232,2,7,67
480,Ritual,Tiësto,big room,2019,2024‑02‑02,115,73,-4,8,77,199,16,6,67
481,Talk,Khalid,pop,2019,2024‑02‑02,136,40,-8,9,34,197,5,12,67
482,"Fire On Fire - From ""Watership Down""",Sam Smith,pop,2018,2024‑02‑02,115,41,-7,18,34,247,48,5,67
483,There's No Way (feat. Julia Michaels),Lauv,pop,2018,2024‑02‑02,147,63,-7,16,37,175,49,9,67
484,Girls Like You (feat. Cardi B) - Cardi B Version,Maroon 5,pop,2018,2024‑02‑02,125,54,-7,13,45,236,57,5,67
485,I Wanna Know (feat. Bea Miller),NOTD,pop dance,2018,2024‑02‑02,120,73,-5,12,61,198,3,6,67
486,A Different Way (with Lauv),DJ Snake,edm,2017,2024‑02‑02,105,76,-4,14,59,198,50,4,67
487,Million Dollar Baby,Ava Max,pop,2022,2024‑02‑02,133,86,-2,33,64,184,4,9,66
488,The Cure,Lady Gaga,art pop,2017,2024‑02‑02,100,51,-5,9,52,211,8,3,66
489,"Stay With Me (with Justin Timberlake, Halsey, & Pharrell)",Calvin Harris,dance pop,2022,2024‑02‑02,126,73,-6,29,90,229,28,4,66
490,2step (feat. Lil Baby),Ed Sheeran,pop,2022,2024‑02‑02,95,64,-6,11,48,163,14,8,66
491,Ruin My Life,Zara Larsson,pop,2018,2024‑02‑02,125,70,-5,10,59,191,42,6,66
492,Polaroid,Jonas Blue,pop,2018,2024‑02‑02,114,90,-4,7,47,193,29,4,66
493,To Die For,Sam Smith,pop,2020,2024‑02‑02,172,36,-8,10,31,194,83,7,66
494,BLOW (with Chris Stapleton & Bruno Mars),Ed Sheeran,pop,2019,2024‑02‑02,92,80,-5,38,60,209,0,4,66
495,No Brainer,DJ Khaled,hip hop,2018,2024‑02‑02,136,76,-5,9,64,260,7,34,66
496,I Don’t Think That I Like Her,Charlie Puth,pop,2022,2024‑02‑02,186,55,-6,11,71,189,40,3,65
497,DEATH,Melanie Martinez,alt z,2023,2024‑02‑02,182,55,-9,29,45,307,11,7,65
498,One Of Your Girls,Troye Sivan,australian pop,2023,2024‑02‑02,93,66,-8,22,81,181,9,7,65
499,Is It Just Me? (feat. Charlie Puth),Sasha Alex Sloan,alt z,2020,2024‑02‑02,95,36,-11,36,20,154,70,3,65
500,You Will Be Found (with Summer Walker) - From The “Dear Evan Hansen” Original Motion Picture Soundtrack,Sam Smith,pop,2021,2024‑02‑02,78,41,-8,8,49,238,48,3,65
501,The Way I Am,Charlie Puth,pop,2018,2024‑02‑02,115,77,-6,6,64,186,31,19,65
502,What Other People Say,Sam Fischer,australian pop,2021,2024‑02‑02,127,47,-8,12,24,195,16,4,65
503,a thousand years,Christina Perri,pop,2011,2024‑02‑02,139,41,-7,11,16,285,31,3,65
504,Fake,Lauv,pop,2020,2024‑02‑02,83,66,-5,9,46,146,14,8,65
505,Quite Miss Home,James Arthur,pop,2019,2024‑02‑02,137,43,-6,12,15,243,61,3,65
506,Physical,Dua Lipa,dance pop,2020,2024‑02‑02,147,84,-4,10,75,194,1,5,65
507,Wrong Direction,Hailee Steinfeld,pop,2020,2024‑02‑02,73,39,-9,16,19,249,47,4,65
508,11 Minutes (with Halsey feat. Travis Barker),YUNGBLUD,british indie rock,2019,2024‑02‑02,160,85,-4,11,23,240,1,7,65
509,Take Me Back to London (feat. Stormzy),Ed Sheeran,pop,2019,2024‑02‑02,138,76,-6,16,61,190,22,22,65
510,Antisocial (with Travis Scott),Ed Sheeran,pop,2019,2024‑02‑02,152,82,-5,36,91,162,13,5,65
511,Lie To Me (feat. Julia Michaels),5 Seconds of Summer,boy band,2018,2024‑02‑02,160,52,-5,11,77,150,1,3,65
512,Pray,Sam Smith,pop,2017,2024‑02‑02,88,38,-9,9,15,222,28,4,65
513,New Man,Ed Sheeran,pop,2017,2024‑02‑02,94,75,-4,6,86,189,6,14,65
514,Rise,Jonas Blue,pop,2018,2024‑02‑02,106,78,-5,20,67,194,32,3,65
515,What Do You Mean?,Justin Bieber,canadian pop,2015,2024‑02‑02,125,57,-8,8,79,206,59,10,65
516,All Falls Down (feat. Juliander),Alan Walker,electro house,2017,2024‑02‑02,98,68,-4,36,66,199,30,6,65
517,Youth (feat. Khalid),Shawn Mendes,canadian pop,2018,2024‑02‑02,100,60,-7,13,32,191,56,12,65
518,I Ain’t Worried - Acoustic,OneRepublic,piano rock,2022,2024‑02‑02,140,49,-7,8,78,149,69,4,65
519,K-POP,Travis Scott,hip hop,2023,2024‑02‑02,121,63,-6,62,55,185,2,6,64
520,All 4 Nothing (I'm So In Love),Lauv,pop,2022,2024‑02‑02,132,82,-5,6,90,183,4,4,64
521,Tonight (Best You Ever Had) (feat. Ludacris),John Legend,neo soul,2012,2024‑02‑02,90,81,-4,29,52,239,5,7,64
522,"34+35 Remix (feat. Doja Cat, Megan Thee Stallion) - Remix",Ariana Grande,pop,2021,2024‑02‑02,110,66,-6,23,73,182,21,30,64
523,Love Somebody,Lauv,pop,2020,2024‑02‑02,78,47,-8,6,37,143,26,14,64
524,There You Are,ZAYN,pop,2018,2024‑02‑02,77,69,-5,11,31,200,3,4,64
525,Tattoos Together,Lauv,pop,2020,2024‑02‑02,123,40,-7,12,61,187,1,7,64
526,Is That Alright?,Lady Gaga,art pop,2018,2024‑02‑02,103,28,-8,10,26,191,87,4,64
527,Good as Hell (feat. Ariana Grande) - Remix,Lizzo,escape room,2016,2024‑02‑02,96,89,-3,74,48,159,30,6,64
528,What Am I,Why Don't We,boy band,2019,2024‑02‑02,164,65,-5,10,37,185,7,5,64
529,Trust Fund Baby,Why Don't We,boy band,2018,2024‑02‑02,164,79,-3,14,59,184,6,5,64
530,Close To Me (with Diplo) (feat. Swae Lee),Ellie Goulding,indietronica,2018,2024‑02‑02,144,76,-5,39,49,183,10,6,64
531,Hooked,Why Don't We,boy band,2018,2024‑02‑02,180,62,-5,12,35,205,9,6,64
532,Tell Me You Love Me,Demi Lovato,pop,2017,2024‑02‑02,82,60,-5,15,24,237,3,5,64
533,New Americana,Halsey,electropop,2015,2024‑02‑02,174,71,-5,34,36,184,1,4,64
534,Issues - Alan Walker Remix,Julia Michaels,pop,2017,2024‑02‑02,114,77,-4,10,63,181,14,5,63
535,For My Hand (feat. Ed Sheeran),Burna Boy,afrobeats,2022,2024‑02‑02,104,47,-8,21,68,159,18,23,63
536,One Too Many,Keith Urban,australian country,2020,2024‑02‑02,83,54,-7,57,59,204,25,7,63
537,Diamonds,Sam Smith,pop,2020,2024‑02‑02,104,67,-7,11,56,214,15,4,63
538,Forever Yours - Avicii Tribute,Kygo,edm,2020,2024‑02‑02,119,61,-9,25,43,194,25,5,63
539,Used To Love (with Dean Lewis),Martin Garrix,dutch edm,2019,2024‑02‑02,119,69,-5,34,39,237,46,4,63
540,Torn,Ava Max,pop,2019,2024‑02‑02,125,83,-4,6,70,198,11,4,63
541,Last Hurrah,Bebe Rexha,dance pop,2019,2024‑02‑02,84,62,-5,12,40,150,18,3,63
542,Big Plans,Why Don't We,boy band,2019,2024‑02‑02,75,60,-5,11,65,180,7,4,63
543,Just My Type,The Vamps,boy band,2018,2024‑02‑02,125,87,-4,6,52,211,0,7,63
544,Sunrise (feat. Jason Walker),Kygo,edm,2017,2024‑02‑02,100,60,-7,14,48,215,21,3,63
545,Miss You,Louis Tomlinson,pop,2017,2024‑02‑02,180,69,-5,26,68,182,2,21,63
546,New Rules,Dua Lipa,dance pop,2015,2024‑02‑02,116,70,-6,15,61,209,0,7,62
547,Loser,Charlie Puth,pop,2022,2024‑02‑02,102,62,-8,18,63,204,62,4,62
548,Bigger Than Me,Louis Tomlinson,pop,2022,2024‑02‑02,145,84,-4,42,45,221,0,5,62
549,LET IT GO (feat. Justin Bieber & 21 Savage),DJ Khaled,hip hop,2021,2024‑02‑02,129,44,-8,17,66,166,24,17,62
550,"I DID IT (feat. Post Malone, Megan Thee Stallion, Lil Baby & DaBaby)",DJ Khaled,hip hop,2021,2024‑02‑02,124,72,-3,65,36,165,0,7,62
551,Slow Dance (feat. Ava Max),AJ Mitchell,alt z,2019,2024‑02‑02,128,44,-6,6,36,179,21,4,62
552,Fallin’ (Adrenaline),Why Don't We,boy band,2020,2024‑02‑02,134,90,-5,8,23,217,1,12,62
553,"Baby, I'm Jealous (feat. Doja Cat)",Bebe Rexha,dance pop,2020,2024‑02‑02,98,87,-2,32,51,176,4,5,62
554,Her,Anne-Marie,pop,2020,2024‑02‑02,120,40,-6,11,33,178,87,3,62
555,Conversations in the Dark,John Legend,neo soul,2020,2024‑02‑02,127,36,-8,17,14,237,75,3,62
556,human,Christina Perri,pop,2013,2024‑02‑02,144,49,-6,11,25,251,13,4,62
557,Start Again (feat. Logic),OneRepublic,piano rock,2018,2024‑02‑02,99,72,-6,9,28,166,16,12,62
558,Wrapped Up (feat. Travie McCoy),Olly Murs,dance pop,2014,2024‑02‑02,122,84,-5,16,92,186,9,6,62
559,Somebody,The Chainsmokers,pop,2018,2024‑02‑02,203,63,-7,10,32,222,19,5,62
560,Rush,Troye Sivan,australian pop,2023,2024‑02‑02,126,85,-8,10,35,156,0,6,61
561,Medicine,James Arthur,pop,2021,2024‑02‑02,98,74,-5,9,31,209,23,5,61
562,No One Compares To You,Jack & Jack,pop,2019,2024‑02‑02,112,75,-6,9,63,183,13,4,61
563,Say So (feat. Nicki Minaj),Doja Cat,dance pop,2020,2024‑02‑02,111,64,-5,43,75,206,12,20,61
564,Like It Is,Kygo,edm,2020,2024‑02‑02,105,73,-7,23,36,183,12,11,61
565,Up All Night,Khalid,pop,2019,2024‑02‑02,94,71,-8,10,67,157,0,5,61
566,Truth Hurts,Lizzo,escape room,2019,2024‑02‑02,158,62,-3,12,41,173,11,11,61
567,Empty Space,James Arthur,pop,2018,2024‑02‑02,165,53,-4,5,32,214,22,10,61
568,Snooze,SZA,pop,2022,2024‑02‑02,143,54,-7,12,39,202,13,10,60
569,Crush,Yuna,malaysian pop,2016,2024‑02‑02,130,41,-10,9,36,243,37,5,60
570,Midnight (feat. Liam Payne),Alesso,dance pop,2020,2024‑02‑02,144,65,-7,12,28,220,6,4,60
571,Modern Loneliness,Lauv,pop,2020,2024‑02‑02,82,51,-7,11,15,252,14,4,60
572,No Shame,5 Seconds of Summer,boy band,2020,2024‑02‑02,91,81,-3,10,48,193,2,4,60
573,Eleven,Khalid,pop,2020,2024‑02‑02,129,40,-10,22,12,206,11,12,60
574,Bloom,Troye Sivan,australian pop,2018,2024‑02‑02,121,70,-5,39,50,222,3,3,60
575,Lonely (with Jonas Brothers),Diplo,dance pop,2019,2024‑02‑02,98,72,-5,21,53,140,6,6,60
576,Painkiller,Ruel,alt z,2019,2024‑02‑02,129,41,-7,19,44,214,11,6,60
577,Hey DJ - Remix,CNCO,boy band,2018,2024‑02‑02,180,89,-4,8,64,189,9,11,60
578,Valentine,5 Seconds of Summer,boy band,2018,2024‑02‑02,94,77,-3,9,77,197,6,4,60
579,Truthfully,DNCE,dance pop,2016,2024‑02‑02,102,64,-7,33,55,183,32,4,60
580,One Life,Ed Sheeran,pop,2022,2024‑02‑02,160,59,-7,12,43,232,11,3,59
581,September,James Arthur,pop,2021,2024‑02‑02,103,55,-6,9,42,221,13,4,59
582,I Am,James Arthur,pop,2016,2024‑02‑02,82,59,-5,15,33,191,39,6,59
583,Daisies,Katy Perry,pop,2020,2024‑02‑02,122,55,-5,12,15,173,8,4,59
584,Patient,Charlie Puth,pop,2018,2024‑02‑02,168,60,-6,11,46,191,75,19,59
585,Only You (with Little Mix),Cheat Codes,edm,2018,2024‑02‑02,108,74,-5,11,22,189,8,17,59
586,Burning,Sam Smith,pop,2017,2024‑02‑02,87,22,-9,28,37,203,89,4,59
587,Where Were You In The Morning?,Shawn Mendes,canadian pop,2018,2024‑02‑02,88,52,-7,10,47,201,55,6,59
588,Emily,James Arthur,pop,2021,2024‑02‑02,84,52,-7,8,27,202,1,9,58
589,not ur friend,Jeremy Zucker,alt z,2020,2024‑02‑02,69,31,-9,67,71,175,30,42,58
590,Birthday,Anne-Marie,pop,2020,2024‑02‑02,152,79,-3,17,76,181,5,9,58
591,Sad Forever,Lauv,pop,2019,2024‑02‑02,122,49,-9,8,36,204,46,6,58
592,Sixteen,Ellie Goulding,indietronica,2019,2024‑02‑02,110,80,-5,6,54,201,27,14,58
593,All the Time,Zara Larsson,pop,2019,2024‑02‑02,102,80,-3,13,50,228,18,6,58
594,Woman Like Me (feat. Nicki Minaj),Little Mix,girl group,2018,2024‑02‑02,150,85,-3,9,83,228,17,5,58
595,Just Got Paid,Sigala,dance pop,2018,2024‑02‑02,120,92,-2,15,59,218,3,10,58
596,Talk,Why Don't We,boy band,2018,2024‑02‑02,120,70,-5,10,80,190,6,11,58
597,Side Effects,The Chainsmokers,pop,2018,2024‑02‑02,110,71,-7,47,54,173,0,3,58
598,Nervous,Shawn Mendes,canadian pop,2018,2024‑02‑02,122,62,-7,13,74,164,4,8,58
599,Real Friends,Camila Cabello,dance pop,2018,2024‑02‑02,92,30,-9,9,81,214,84,13,58
600,Changes,Lauv,pop,2020,2024‑02‑02,74,45,-8,24,19,160,46,10,57
601,New Normal,Khalid,pop,2021,2024‑02‑02,92,53,-10,18,24,199,8,7,57
602,I’m Ready (with Demi Lovato),Sam Smith,pop,2020,2024‑02‑02,155,67,-6,28,15,201,0,4,57
603,Break Up Song,Little Mix,girl group,2020,2024‑02‑02,90,75,-5,29,59,200,0,4,57
604,Didn't I,OneRepublic,piano rock,2020,2024‑02‑02,124,61,-7,13,26,208,2,3,57
605,Unbelievable,Why Don't We,boy band,2019,2024‑02‑02,130,66,-7,10,68,189,11,8,57
606,The Last Time,The Script,celtic rock,2019,2024‑02‑02,132,75,-3,24,15,196,5,3,57
607,Harder (with Bebe Rexha),Jax Jones,dance pop,2019,2024‑02‑02,104,83,-3,15,75,160,9,7,57
608,Woke Up Late (feat. Hailee Steinfeld),Drax Project,nz pop,2019,2024‑02‑02,119,66,-5,19,35,182,4,8,57
609,Saturday Nights,Khalid,pop,2019,2024‑02‑02,83,37,-11,10,35,212,63,8,57
610,Let You Love Me,Rita Ora,dance pop,2018,2024‑02‑02,192,86,-3,7,47,190,26,32,57
611,Starving - Acoustic,Hailee Steinfeld,pop,2016,2024‑02‑02,100,26,-8,12,72,181,59,4,57
612,Familiar,Liam Payne,pop,2018,2024‑02‑02,93,81,-5,8,91,197,2,33,57
613,Flames (feat. Avril Lavigne),MOD SUN,indie pop rap,2021,2024‑02‑02,85,63,-5,10,19,152,0,3,56
614,"Kings & Queens, Pt. 2 (feat. Lauv & Saweetie)",Ava Max,pop,2020,2024‑02‑02,130,78,-4,22,67,176,1,7,56
615,Take Yourself Home,Troye Sivan,australian pop,2020,2024‑02‑02,101,61,-9,11,29,249,7,8,56
616,Find U Again (feat. Camila Cabello),Mark Ronson,pop soul,2019,2024‑02‑02,104,66,-7,20,16,176,1,3,56
617,I Don't Belong In This Club,Why Don't We,boy band,2019,2024‑02‑02,115,54,-6,7,16,223,2,4,56
618,Payphone,Maroon 5,pop,2012,2024‑02‑02,110,76,-5,37,52,231,1,4,56
619,No Excuses,Meghan Trainor,hip pop,2018,2024‑02‑02,115,66,-4,4,52,153,2,5,56
620,Diamonds,Rihanna,barbadian pop,2012,2024‑02‑02,92,71,-5,11,39,225,0,5,55
621,Hate You + Love You (feat. AJ Mitchell),Cheat Codes,edm,2021,2024‑02‑02,140,69,-4,39,64,199,7,3,55
622,Small Talk,Katy Perry,pop,2019,2024‑02‑02,116,63,-6,46,60,162,20,10,55
623,The Man Who Can't Be Moved,The Script,celtic rock,2008,2024‑02‑02,100,63,-5,10,33,241,43,3,55
624,You Deserve Better,James Arthur,pop,2018,2024‑02‑02,99,56,-7,15,70,208,3,49,55
625,Real Thing (feat. Tori Kelly),Pink Sweat$,bedroom soul,2022,2024‑02‑02,113,32,-10,11,26,195,77,3,54
626,Maybe,James Arthur,pop,2019,2024‑02‑02,80,35,-9,10,35,219,23,3,54
627,Nice to Meet Ya (feat. Nicki Minaj),Meghan Trainor,hip pop,2020,2024‑02‑02,192,56,-6,13,54,197,1,33,54
628,In My Bed,Sabrina Carpenter,pop,2019,2024‑02‑02,218,39,-6,9,66,190,7,30,54
629,Do You Mean,The Chainsmokers,pop,2019,2024‑02‑02,100,66,-10,11,55,193,13,6,54
630,In Too Deep,Why Don't We,boy band,2018,2024‑02‑02,152,44,-7,20,25,195,26,6,54
631,It Won't Kill Ya,The Chainsmokers,pop,2017,2024‑02‑02,170,53,-9,13,12,218,6,7,54
632,Hey Mama,David Guetta,big room,2021,2024‑02‑02,86,73,-4,33,52,193,24,15,54
633,Try Again (feat. Lauv),DallasK,complextro,2021,2024‑02‑02,124,75,-7,14,20,189,41,9,53
634,"Get Here - Recorded At RAK Studios, London",Sam Smith,pop,2018,2024‑02‑02,100,22,-9,11,30,169,92,4,53
635,Finally Feel Good,James Arthur,pop,2019,2024‑02‑02,79,66,-5,8,74,215,52,13,53
636,Wanted,OneRepublic,piano rock,2019,2024‑02‑02,146,53,-7,10,71,136,16,7,53
637,I See Love - From Hotel Transylvania 3,Jonas Blue,pop,2018,2024‑02‑02,123,71,-4,32,76,173,1,4,53
638,Just for a Moment,Olivia Rodrigo,pop,2020,2024‑02‑02,90,49,-6,15,43,197,21,4,53
639,Without You,Avicii,dance pop,2020,2024‑02‑02,134,86,-5,5,29,182,0,4,53
640,Dusk Till Dawn (feat. Sia) - Brooks Remix,ZAYN,pop,2017,2024‑02‑02,126,77,-3,5,39,203,4,9,52
641,Slidin' (feat. Kodak Black),Jason Derulo,dance pop,2022,2024‑02‑02,100,88,-2,13,80,156,11,17,52
642,"Dance The Night (From ""Barbie The Album"")",Dua Lipa,dance pop,2023,2024‑02‑02,110,85,-5,33,78,177,2,5,52
643,Girls Like You,Maroon 5,pop,2023,2024‑02‑02,60,46,-7,13,38,215,56,6,52
644,Pointless - Piano Acoustic,Lewis Capaldi,pop,2023,2024‑02‑02,176,24,-8,14,31,242,86,4,52
645,Let Me Down Easy (Lie),Why Don't We,boy band,2022,2024‑02‑02,90,69,-6,28,30,151,15,18,52
646,Invisible Things,Lauv,pop,2020,2024‑02‑02,125,55,-7,13,28,197,8,9,52
647,Missing You,The Vamps,boy band,2019,2024‑02‑02,80,65,-7,11,53,215,17,5,52
648,Let It Be Me,Steve Aoki,edm,2019,2024‑02‑02,114,76,-5,11,39,224,8,9,52
649,Stack It Up (feat. A Boogie Wit da Hoodie),Liam Payne,pop,2019,2024‑02‑02,100,81,-3,6,61,166,15,13,52
650,Feels (feat. Young Thug & J Hus),Ed Sheeran,pop,2019,2024‑02‑02,92,68,-5,10,69,151,11,29,52
651,Only A Fool (with Pink Sweat$),Galantis,dance pop,2020,2024‑02‑02,123,62,-6,10,62,167,5,3,51
652,Upside Down (feat. Charlie Puth),JVKE,modern indie pop,2020,2024‑02‑02,120,44,-10,23,57,116,28,5,51
653,New Love (feat. Ellie Goulding),Silk City,edm,2021,2024‑02‑02,124,73,-7,34,63,191,5,4,51
654,Homicide Love,James Arthur,pop,2019,2024‑02‑02,81,55,-9,13,30,237,43,4,51
655,Never Worn White,Katy Perry,pop,2020,2024‑02‑02,138,35,-7,11,36,225,71,3,51
656,Anyone,Demi Lovato,pop,2020,2024‑02‑02,130,39,-6,11,32,228,88,4,51
657,Blame It on Your Love (feat. Lizzo),Charli XCX,art pop,2019,2024‑02‑02,100,76,-3,29,56,191,2,5,51
658,Return To Love,Andrea Bocelli,classical tenor,2019,2024‑02‑02,128,43,-7,12,14,274,61,3,51
659,Nothin On You,B.o.B,atl hip hop,2010,2024‑02‑02,104,88,-5,8,75,270,44,5,51
660,Unholy (feat. Kim Petras),Sam Smith,pop,2022,2024‑02‑02,131,47,-7,27,24,157,1,7,50
661,All Of The Girls You Loved Before,Taylor Swift,pop,2019,2024‑02‑02,192,48,-10,13,42,221,68,9,50
662,So Serious,Sam Smith,pop,2020,2024‑02‑02,92,52,-6,9,38,173,31,4,50
663,"Me, Myself & I",G-Eazy,indie pop rap,2015,2024‑02‑02,112,67,-7,16,39,251,2,10,50
664,Naked,Jonas Blue,pop,2020,2024‑02‑02,115,62,-5,9,78,211,36,6,50
665,Live Forever (With Cheat Codes),Liam Payne,pop,2019,2024‑02‑02,100,68,-6,12,66,175,21,3,50
666,Cold in LA,Why Don't We,boy band,2019,2024‑02‑02,110,62,-6,10,73,207,13,7,50
667,Now You're Gone (feat. Zara Larsson),Tom Walker,indie anthem-folk,2019,2024‑02‑02,102,72,-8,15,23,212,63,43,50
668,Steal My Girl - Acoustic Version,One Direction,boy band,2010,2024‑02‑02,154,59,-8,11,62,227,20,6,50
669,Play Date,Melanie Martinez,alt z,2015,2024‑02‑02,124,72,-5,22,43,180,61,5,50
670,Bedroom (feat. Anne-Marie),JJ Lin,mandopop,2021,2024‑02‑02,180,42,-5,18,18,204,64,3,49
671,Kids Again,Sam Smith,pop,2020,2024‑02‑02,128,73,-3,9,47,208,49,3,49
672,Lonely (with benny blanco),Justin Bieber,canadian pop,2020,2024‑02‑02,80,23,-7,12,8,149,88,4,49
673,julia,Jeremy Zucker,alt z,2020,2024‑02‑02,130,31,-10,9,17,261,74,6,49
674,Flames,R3HAB,dutch house,2019,2024‑02‑02,152,64,-8,9,44,156,15,8,49
675,Treehouse (feat. Shotty Horroh),James Arthur,pop,2019,2024‑02‑02,154,73,-5,34,80,220,18,4,49
676,Don't Change,Why Don't We,boy band,2019,2024‑02‑02,106,62,-5,10,24,176,21,17,49
677,Beautiful,Anne-Marie,pop,2021,2024‑02‑02,90,60,-7,7,66,195,34,31,49
678,Midnight Rain,Taylor Swift,pop,2022,2024‑02‑02,140,37,-12,12,18,175,72,7,48
679,Mai Tais (feat. Skylar Grey),Train,dance pop,2019,2024‑02‑02,164,70,-6,12,72,225,14,6,48
680,ME BECAUSE OF YOU,HRVY,pop,2020,2024‑02‑02,93,75,-7,19,19,216,1,8,48
681,Get Me,Justin Bieber,canadian pop,2020,2024‑02‑02,109,50,-7,11,78,185,5,16,48
682,I Still Do,Why Don't We,boy band,2019,2024‑02‑02,114,74,-6,11,57,147,8,6,48
683,Just Us,James Arthur,pop,2023,2024‑02‑02,76,50,-6,11,33,215,63,4,47
684,On Somebody,Ava Max,pop,2019,2024‑02‑02,138,74,-4,16,77,185,2,5,46
685,Someone You Loved,Lewis Capaldi,pop,2019,2024‑02‑02,110,41,-6,11,45,182,75,3,46
686,"i hate u, i love u (feat. olivia o'brien)",gnash,alt z,2016,2024‑02‑02,92,29,-13,10,18,251,69,20,46
687,Bang Bang,Jessie J,dance pop,2014,2024‑02‑02,150,78,-3,37,74,199,32,10,46
688,Hate Me - Snakehips Remix,Ellie Goulding,indietronica,2019,2024‑02‑02,76,48,-6,11,39,196,48,5,45
689,Worry About Me (feat. blackbear),Ellie Goulding,indietronica,2020,2024‑02‑02,162,74,-7,34,53,180,12,21,45
690,Somebody To You - Acoustic Version,The Vamps,boy band,2020,2024‑02‑02,86,74,-6,22,75,180,22,3,45
691,Nonsense,Sabrina Carpenter,pop,2022,2024‑02‑02,139,67,-5,28,69,164,3,4,44
692,If We Can Get Through This We Can Get Through Anything,James Arthur,pop,2019,2024‑02‑02,134,62,-7,11,40,215,43,5,44
693,Unconditionally (feat. Adam Lazzara),James Arthur,pop,2019,2024‑02‑02,69,24,-9,11,17,182,72,5,44
694,Mad at You,Why Don't We,boy band,2019,2024‑02‑02,110,65,-5,13,58,170,8,3,44
695,Made You Look,Meghan Trainor,hip pop,2022,2024‑02‑02,145,52,-4,8,85,134,34,7,43
696,Slow Down,Why Don't We,boy band,2020,2024‑02‑02,127,86,-4,6,96,188,1,4,43
697,Only Want You,Rita Ora,dance pop,2018,2024‑02‑02,82,53,-6,10,38,181,6,4,43
698,Desire (with Sam Smith),Calvin Harris,dance pop,2023,2024‑02‑02,140,92,-5,23,51,179,3,5,42
699,Dishes,Lauv,pop,2020,2024‑02‑02,90,33,-10,13,28,157,42,7,42
700,No Lie,Sean Paul,dance pop,2017,2024‑02‑02,102,88,-3,29,50,221,4,12,42
701,Lose My Mind (feat. Josh Franceschi) - Acoustic,James Arthur,pop,2022,2024‑02‑02,79,40,-7,7,47,200,52,3,41
702,You (feat. Travis Barker),James Arthur,pop,2019,2024‑02‑02,145,84,-5,26,71,231,18,11,41
703,On The Road (feat. Meek Mill & Lil Baby),Post Malone,dfw rap,2019,2024‑02‑02,86,73,-5,10,22,218,6,9,40
704,Old Me,5 Seconds of Summer,boy band,2020,2024‑02‑02,128,62,-4,23,46,187,32,5,37
705,Don't Wanna Know,Maroon 5,pop,2017,2024‑02‑02,100,61,-6,10,42,214,34,7,37
706,Levitating,Dua Lipa,dance pop,2023,2024‑02‑02,103,83,-4,7,92,203,1,6,37
707,Luxurious,Gwen Stefani,dance pop,2004,2024‑02‑02,131,73,-4,12,67,265,15,8,35
708,Special,Lizzo,escape room,2023,2024‑02‑02,83,71,-5,45,26,174,2,7,35
709,UNHEALTHY (feat. Shania Twain),Anne-Marie,pop,2023,2024‑02‑02,120,66,-6,7,41,150,1,4,34
710,Señorita,Shawn Mendes,canadian pop,2023,2024‑02‑02,117,54,-6,9,75,191,4,3,34
711,Waka Waka (This Time for Africa) [The Official 2010 FIFA World Cup (TM) Song] (feat. Freshlyground),Shakira,colombian pop,2023,2024‑02‑02,127,91,-4,15,62,202,0,25,34
712,Young & Alive,Bazzi,pop,2020,2024‑02‑02,86,56,-5,12,50,160,33,4,33
713,For You (Fifty Shades Freed) (& Rita Ora),Liam Payne,pop,2018,2024‑02‑02,113,79,-5,20,21,245,2,3,33
714,I Love You's,Hailee Steinfeld,pop,2020,2024‑02‑02,107,79,-5,21,28,216,3,40,32
715,Die For You,The Weeknd,canadian contemporary r&b,2023,2024‑02‑02,134,53,-7,16,46,260,11,6,23
716,Dark Horse,Katy Perry,pop,2023,2024‑02‑02,132,59,-6,17,35,216,0,5,9
